rnd,lat,lon,tot_mosq,total_freq
1,0,0,3,0.5
1,0,0,4,0.625
1,0,0,2,0.75
1,0,0,3,0.166666666666667
1,0,0,11,0.454545454545455
1,0,0,1,0
1,0,0,1,1
1,0,0,2,0.25
1,0,0,2,0.25
1,0,0,2,0.75
1,0,0,1,0
1,0,0,2,0.5
1,0,0,1,1
1,0,0,2,0.5
1,0,0,1,0
1,0,0,1,0.5
1,0,0,4,0.375
1,0,0,7,0.357142857142857
1,0,0,1,0
1,0,0,2,0.25
1,0,0,3,0.666666666666667
1,0,0,10,0.4
1,0,0,5,0.5
1,0,0,7,0.5
1,0,0,8,0.5625
1,0,0,6,0.416666666666667
1,0,0,1,1
1,0,0,1,0.5
1,0,0,1,0.5
1,0,0,8,0.5625
1,0,0,1,1
1,0,0,41,0.5
1,0,0,2,0.5
1,0,0,1,0.5
1,0,0,8,0.625
1,0,0,11,0.636363636363636
1,0,0,2,0
1,0,0,1,1
1,0,0,1,1
1,0,0,14,0.607142857142857
1,0,0,3,0.5
1,0,0,3,0.5
1,0,0,6,0.5
1,0,0,2,0.75
1,0,0,1,0
1,0,0,7,0.357142857142857
1,0,0,1,0
1,0,0,4,0.5
1,0,0,1,1
1,0,0,1,0.5
1,0,0,7,0.428571428571429
1,0,0,12,0.625
1,0,0,5,0.4
1,0,0,10,0.6
1,0,0,1,0
1,0,0,8,0.5
1,0,0,2,0.25
1,0,0,8,0.5625
1,0,0,1,0.5
1,0,0,8,0.3125
1,0,0,5,0.5
1,0,0,8,0.625
1,0,0,1,0.5
1,0,0,3,0.5
1,0,0,8,0.5
1,0,0,8,0.375
1,0,0,8,0.5625
1,0,0,8,0.5625
1,0,0,6,0.5
1,0,0,1,0
1,0,0,7,0.5
1,0,0,1,0.5
1,0,0,1,0.5
1,0,0,8,0.375
1,0,0,6,0.666666666666667
1,0,0,7,0.428571428571429
1,0,0,6,0.416666666666667
1,0,0,2,0.75
1,0,0,3,0.666666666666667
1,0,0,8,0.625
1,0,0,1,0
1,0,0,8,0.6875
1,0,0,7,0.571428571428571
1,0,0,2,0.25
1,0,0,3,0.666666666666667
1,0,0,3,0.5
1,0,0,6,0.416666666666667
1,0,0,2,0.25
1,0,0,7,0.285714285714286
1,0,0,8,0.4375
1,0,0,7,0.785714285714286
1,0,0,1,0.5
1,0,0,8,0.8125
1,0,0,11,0.727272727272727
1,0,0,8,0.4375
1,0,0,1,0.5
1,0,0,8,0.5
1,0,0,2,0.25
1,0,0,8,0.4375
1,0,0,2,0.5
1,0,0,2,0.75
1,0,0,4,1
1,0,0,1,0
1,0,0,1,0.5
1,0,0,2,0.5
1,0,0,1,1
1,0,0,3,0.5
1,0,0,8,0.3125
1,0,0,1,1
1,0,0,8,0.5
1,0,0,13,0.576923076923077
1,0,0,11,0.636363636363636
1,0,0,8,0.625
1,0,0,16,0.6875
1,0,0,4,0.5
1,0,0,11,0.454545454545455
1,0,0,4,0.625
1,0,0,2,0.75
1,0,0,16,0.59375
1,0,0,1,1
1,0,0,2,0.5
1,0,0,15,0.633333333333333
1,0,0,24,0.5
1,0,0,1,0
1,0,0,15,0.4
1,0,0,13,0.653846153846154
1,0,0,2,0.25
1,0,0,6,0.5
1,0,0,6,0.833333333333333
1,0,0,2,0
1,0,0,3,0.333333333333333
1,0,0,3,0.666666666666667
1,0,0,1,0.5
1,0,0,8,0.625
1,0,0,7,0.642857142857143
1,0,0,1,1
1,0,0,1,0.5
1,0,0,8,0.6875
1,0,0,2,0.5
1,0,0,16,0.53125
1,0,0,8,0.5
1,0,0,2,0.75
1,0,0,1,0.5
1,0,0,2,0.5
1,0,0,1,1
1,0,0,1,1
1,0,0,1,0.5
1,0,0,1,1
1,0,0,8,0.4375
1,0,0,7,0.571428571428571
1,0,0,13,0.576923076923077
1,0,0,22,0.795454545454545
1,0,0,1,0.5
1,0,0,1,0.5
1,0,0,3,0.166666666666667
1,0,0,3,0.5
1,0,0,15,0.766666666666667
1,0,0,1,1
1,0,0,5,0.3
1,0,0,6,0.666666666666667
1,0,0,1,0
1,0,0,1,1
1,0,0,12,0.833333333333333
1,0,0,1,0
1,0,0,1,1
1,0,0,18,0.722222222222222
1,0,0,1,0
1,0,0,1,1
1,0,0,13,0.653846153846154
1,0,0,2,0.75
1,0,0,2,0.75
1,0,0,4,0.75
1,0,0,9,0.833333333333333
1,0,0,1,0.5
1,0,0,4,0.875
1,0,0,1,0.5
1,0,0,4,0.5
1,0,0,1,0.5
1,0,0,1,1
1,0,0,2,0
1,0,0,2,0.5
1,0,0,1,1
1,0,0,2,0.25
1,0,0,14,0.928571428571428
1,0,0,8,0.75
1,0,0,5,0.7
1,0,0,1,1
1,0,0,3,1
1,0,0,2,1
1,0,0,8,0.75
1,0,0,7,0.785714285714286
1,0,0,15,0.533333333333333
1,0,0,1,1
1,0,0,1,0.5
1,0,0,3,0.833333333333333
1,0,0,2,1
1,0,0,1,1
1,0,0,30,0.883333333333333
1,0,0,2,1
1,0,0,2,1
1,0,0,7,0.714285714285714
1,0,0,1,0.5
1,0,0,7,0.571428571428571
1,0,0,2,0.75
1,0,0,10,0.7
1,0,0,1,1
1,0,0,1,1
1,0,0,4,0.5
1,0,0,3,0.833333333333333
1,0,0,8,0.625
1,0,0,10,0.4
1,0,0,9,0.888888888888889
1,0,0,10,0.55
1,0,0,11,0.863636363636364
1,0,0,3,0.166666666666667
1,0,0,1,0
1,0,0,7,0.785714285714286
1,0,0,8,0.8125
1,0,0,1,1
1,0,0,8,0.875
1,0,0,4,1
1,0,0,11,0.590909090909091
1,0,0,1,1
1,0,0,8,1
1,0,0,2,0.75
1,0,0,8,0.875
1,0,0,8,0.9375
1,0,0,2,1
1,0,0,5,1
1,0,0,1,1
1,0,0,14,0.857142857142857
1,0,0,7,0.928571428571428
1,0,0,8,0.5625
1,0,0,4,0.875
2,0,0,1,0.5
2,0,0,4,0.625
2,0,0,4,0.75
2,0,0,2,0.75
2,0,0,1,0.5
2,0,0,4,0.75
2,0,0,12,0.541666666666667
2,0,0,18,0.611111111111111
2,0,0,1,1
2,0,0,1,0
2,0,0,1,1
2,0,0,2,0.75
2,0,0,1,1
2,0,0,1,0
2,0,0,1,0
2,0,0,2,1
2,0,0,1,0
2,0,0,1,0.5
2,0,0,1,0.5
2,0,0,5,0.6
2,0,0,1,0.5
2,0,0,1,1
2,0,0,1,0
2,0,0,1,0
2,0,0,4,0.375
2,0,0,6,0.25
2,0,0,1,0.5
2,0,0,1,1
2,0,0,1,1
2,0,0,1,1
2,0,0,10,0.7
2,0,0,1,1
2,0,0,1,1
2,0,0,3,0.833333333333333
2,0,0,2,1
2,0,0,1,0.5
2,0,0,13,0.846153846153846
2,0,0,1,0.5
2,0,0,2,0.75
2,0,0,1,1
2,0,0,1,1
2,0,0,3,0.833333333333333
2,0,0,4,0.875
2,0,0,1,0
2,0,0,7,0.642857142857143
2,0,0,1,1
2,0,0,2,1
2,0,0,4,0.625
2,0,0,15,0.933333333333333
2,0,0,15,1
2,0,0,1,1
2,0,0,13,0.884615384615385
2,0,0,1,1
2,0,0,1,1
2,0,0,2,1
2,0,0,1,1
2,0,0,2,1
3,0,0,1,1
3,0,0,1,0.5
3,0,0,3,0.5
3,0,0,5,0.4
3,0,0,21,0.523809523809524
3,0,0,2,0.5
3,0,0,1,0.5
3,0,0,17,0.529411764705882
3,0,0,2,0.5
3,0,0,3,0.5
3,0,0,1,0.5
3,0,0,9,0.666666666666667
3,0,0,13,0.653846153846154
3,0,0,2,0.25
3,0,0,14,0.5
3,0,0,1,0.5
3,0,0,10,0.6
3,0,0,5,0.8
3,0,0,2,0.5
3,0,0,5,0.7
3,0,0,2,0.5
3,0,0,4,0.75
3,0,0,4,0.5
3,0,0,1,1
3,0,0,4,0.5
3,0,0,3,1
3,0,0,4,0.5
3,0,0,1,0.5
3,0,0,2,0.75
3,0,0,11,0.636363636363636
3,0,0,2,0.75
3,0,0,4,0.5
3,0,0,3,0.5
3,0,0,3,1
3,0,0,2,0.25
3,0,0,1,1
3,0,0,30,0.583333333333333
3,0,0,1,0
3,0,0,5,0.5
3,0,0,2,1
3,0,0,1,0.5
3,0,0,6,0.833333333333333
3,0,0,3,0.666666666666667
3,0,0,1,0.5
3,0,0,1,0
3,0,0,2,0.75
3,0,0,1,0.5
3,0,0,4,0.625
3,0,0,6,0.583333333333333
3,0,0,2,0.25
3,0,0,2,0.5
3,0,0,2,1
3,0,0,1,1
3,0,0,5,0.7
3,0,0,29,0.568965517241379
3,0,0,3,0.5
3,0,0,1,0.5
3,0,0,1,0
3,0,0,5,0.3
3,0,0,2,0.5
3,0,0,3,0.5
3,0,0,1,0.5
3,0,0,2,0.75
3,0,0,1,1
3,0,0,1,0
3,0,0,4,0.625
3,0,0,30,0.533333333333333
3,0,0,2,0.25
3,0,0,3,0.333333333333333
3,0,0,7,0.357142857142857
3,0,0,3,0.5
3,0,0,1,0.5
3,0,0,1,1
3,0,0,1,0
3,0,0,1,1
3,0,0,3,0.333333333333333
3,0,0,5,0.7
3,0,0,4,0.625
3,0,0,2,1
3,0,0,1,0.5
3,0,0,1,1
3,0,0,1,0.5
3,0,0,1,1
3,0,0,3,0.833333333333333
3,0,0,2,0.5
3,0,0,3,1
3,0,0,1,0
3,0,0,2,1
3,0,0,1,0.5
3,0,0,1,0.5
3,0,0,1,1
3,0,0,2,1
3,0,0,1,1
3,0,0,1,0.5
3,0,0,1,0
3,0,0,1,1
3,0,0,2,0.5
3,0,0,7,0.571428571428571
3,0,0,7,0.428571428571429
3,0,0,2,0.25
3,0,0,2,0.75
3,0,0,1,1
3,0,0,3,0.5
3,0,0,9,0.555555555555556
3,0,0,4,0.375
3,0,0,3,0.833333333333333
3,0,0,1,1
3,0,0,13,0.807692307692308
3,0,0,2,1
4,0,0,1,0
4,0,0,1,0.5
4,0,0,4,0.5
4,0,0,8,0.8125
4,0,0,2,0.75
4,0,0,3,0.333333333333333
4,0,0,1,0
4,0,0,1,1
4,0,0,19,0.552631578947368
4,0,0,2,0.5
4,0,0,1,1
4,0,0,2,1
4,0,0,14,0.535714285714286
4,0,0,1,0
4,0,0,1,0
4,0,0,1,1
4,0,0,3,0.833333333333333
4,0,0,14,0.642857142857143
4,0,0,2,0
4,0,0,2,0.25
4,0,0,6,0.416666666666667
4,0,0,1,0
4,0,0,6,0.583333333333333
4,0,0,1,0.5
4,0,0,40,0.2625
4,0,0,1,0
4,0,0,2,0.75
4,0,0,1,0.5
4,0,0,1,1
4,0,0,1,0
4,0,0,1,0.5
4,0,0,1,1
4,0,0,10,0.4
4,0,0,1,0.5
4,0,0,1,0.5
4,0,0,1,1
4,0,0,1,0
4,0,0,29,0.586206896551724
4,0,0,1,0
4,0,0,1,1
4,0,0,1,1
4,0,0,1,1
4,0,0,59,0.593220338983051
4,0,0,1,1
4,0,0,2,0.75
4,0,0,1,1
5,0,0,1,1
5,0,0,1,0.5
5,0,0,1,1
5,0,0,1,0.5
5,0,0,1,0
5,0,0,2,0.5
5,0,0,3,0.833333333333333
5,0,0,1,0.5
5,0,0,9,0.666666666666667
5,0,0,1,1
5,0,0,1,1
5,0,0,15,0.6
5,0,0,8,0.75
5,0,0,2,0.25
5,0,0,1,0.5
5,0,0,13,0.5
5,0,0,1,0.5
5,0,0,1,1
5,0,0,6,0.333333333333333
5,0,0,2,0.25
5,0,0,1,0.5
5,0,0,1,0.5
5,0,0,1,0.5
5,0,0,2,0.25
5,0,0,1,0
5,0,0,2,0.5
5,0,0,4,0.75
5,0,0,1,0
5,0,0,1,1
5,0,0,1,0
5,0,0,1,1
5,0,0,3,0.5
5,0,0,6,0.666666666666667
5,0,0,1,0
5,0,0,1,1
5,0,0,4,0.5
5,0,0,1,0.5
5,0,0,169,0.547337278106509
5,0,0,1,0.5
5,0,0,3,0.333333333333333
5,0,0,1,0.5
5,0,0,1,0.5
5,0,0,1,1
5,0,0,2,0.75
5,0,0,35,0.585714285714286
5,0,0,2,0.75
5,0,0,3,0.666666666666667
5,0,0,1,0.5
5,0,0,1,0.5
5,0,0,11,0.363636363636364
5,0,0,1,0.5
5,0,0,9,0.444444444444444
5,0,0,12,0.583333333333333
5,0,0,8,0.4375
5,0,0,1,0.5
5,0,0,4,0.875
5,0,0,2,0.5
5,0,0,12,0.416666666666667
5,0,0,1,0.5
5,0,0,2,0.5
5,0,0,15,0.7
5,0,0,2,1
5,0,0,7,0.5
5,0,0,1,0
5,0,0,12,0.583333333333333
5,0,0,1,0.5
5,0,0,1,0
5,0,0,1,0.5
5,0,0,1,0
5,0,0,1,1
5,0,0,2,1
5,0,0,1,0
5,0,0,4,0.75
5,0,0,2,0.5
5,0,0,1,0.5
5,0,0,1,1
5,0,0,2,0.25
5,0,0,5,0.5
5,0,0,1,0.5
5,0,0,1,1
5,0,0,3,0.333333333333333
5,0,0,13,0.884615384615385
5,0,0,1,0.5
5,0,0,5,0.7
5,0,0,2,0.25
5,0,0,2,0.75
5,0,0,4,0.75
5,0,0,6,0.75
5,0,0,1,0
5,0,0,1,1
5,0,0,2,0.75
5,0,0,6,0.75
5,0,0,10,0.9
5,0,0,6,0.916666666666667
5,0,0,4,0.5
5,0,0,3,0.666666666666667
5,0,0,1,0.5
5,0,0,2,1
5,0,0,1,1
5,0,0,1,1
5,0,0,7,0.928571428571428
5,0,0,3,0.666666666666667
5,0,0,3,0.333333333333333
5,0,0,1,1
5,0,0,1,0.5
5,0,0,7,0.428571428571429
5,0,0,2,0.25
5,0,0,1,1
5,0,0,18,0.75
5,0,0,1,1
5,0,0,1,0.5
5,0,0,10,0.6
5,0,0,26,0.769230769230769
5,0,0,4,1
5,0,0,2,0.75
5,0,0,64,0.8984375
5,0,0,1,0.5
5,0,0,18,0.944444444444444
5,0,0,1,1
5,0,0,2,1
5,0,0,29,0.896551724137931
5,0,0,1,1
5,0,0,14,0.857142857142857
5,0,0,26,0.923076923076923
5,0,0,6,0.916666666666667
5,0,0,26,0.538461538461539
5,0,0,3,1
