X,Y,id,hhid3,area,perimeter,Net_main,net_pbo,dname2019,ADM4_EN
33.788339663412,1.91492660130568,379,6701,0.000161,0.054607,3,1,AMURIA,Abarilela
33.8030740865174,2.09263284524025,368,6802,0.000093,0.037559,4,2,KAPELEBYONG,Acowa
33.8785954449279,2.02636926232152,369,6801,0.000048,0.027094,4,2,KAPELEBYONG,Acowa
33.378916354483,2.0766994115582,378,6702,0.000105,0.039111,3,1,AMURIA,Akeriau
33.7708079001752,2.02716193180654,366,6804,0.000083,0.038696,4,2,KAPELEBYONG,Akoromit
33.7738515642545,2.08602334428737,367,6803,0.000075,0.034790,4,2,KAPELEBYONG,Akoromit
33.7218268390222,2.06173693468539,377,6703,0.000125,0.043433,3,1,AMURIA,Apeduru
33.6467789448812,1.79921626999763,342,7008,0.000109,0.044320,2,2,SOROTI,Arapai
33.6168103775871,1.89836020083891,343,7007,0.000143,0.056710,2,2,SOROTI,Arapai
33.6751126098833,1.96392213373268,376,6704,0.000075,0.032497,3,1,AMURIA,Asamuk
33.618148764731,1.74610438074399,337,7103,0.000006,0.010511,3,1,SOROTI,Eastern Division
33.6281913902006,1.72010609505397,338,7102,0.000007,0.010295,3,1,SOROTI,Eastern Division
33.6159189418218,1.73020503386018,339,7101,0.000006,0.009917,3,1,SOROTI,Eastern Division
33.6802790186256,1.65050675520152,340,7010,0.000099,0.041160,2,2,SOROTI,Gweri
33.712953653034,1.81421670658258,341,7009,0.000122,0.047044,2,2,SOROTI,Gweri
33.5505166222583,1.6961261468467,348,7002,0.000108,0.043591,2,2,SOROTI,Kamuda
33.7219370614379,2.19428793530905,364,6806,0.000118,0.057644,4,2,KAPELEBYONG,Kapelebyong
33.76876996623,2.19766418575076,365,6805,0.000112,0.043926,4,2,KAPELEBYONG,Kapelebyong
33.5745100222418,1.85425610056723,345,7005,0.000069,0.034957,2,2,SOROTI,Katine
33.5943779917424,1.98851368842541,375,6705,0.000121,0.044662,3,1,AMURIA,Kuju
33.50493197026,2.15607637883957,374,6706,0.000112,0.042540,3,1,AMURIA,Morungatuny
33.6308297599503,1.71198518979862,333,7107,0.000002,0.006035,3,1,SOROTI,Northern Division
33.6225265022558,1.70981907236162,334,7106,0.000002,0.007026,3,1,SOROTI,Northern Division
33.6239159173183,1.70820800851354,335,7105,0.000002,0.005880,3,1,SOROTI,Northern Division
33.6208217447744,1.71492774025996,336,7104,0.000001,0.005735,3,1,SOROTI,Northern Division
33.6020976423313,2.21838950115322,362,6808,0.000070,0.034374,4,2,KAPELEBYONG,Obalanga
33.5771696258114,2.2394106085385,363,6807,0.000273,0.065972,4,2,KAPELEBYONG,Obalanga
33.4692285880297,2.05039914336482,373,6707,0.000057,0.031298,3,1,AMURIA,Ogolai
33.6603136766495,2.27813937039155,360,6810,0.000172,0.066473,4,2,KAPELEBYONG,Okungur
33.7770083190824,2.33459245083183,361,6809,0.000094,0.036872,4,2,KAPELEBYONG,Okungur
33.4487283011484,2.07090870865306,372,6708,0.000062,0.036905,3,1,AMURIA,Orungo
33.4626133825566,1.97453955021992,349,7001,0.000137,0.049627,2,2,SOROTI,Tubur
33.8329619092897,1.80814393187897,371,6709,0.000026,0.025217,3,1,AMURIA,Wera
33.6079371368313,1.72096138255924,330,7110,0.000011,0.012886,3,1,SOROTI,Western Division
33.5944105259498,1.71228753171229,331,7109,0.000016,0.017076,3,1,SOROTI,Western Division
33.6023935587132,1.72423098542873,332,7108,0.000005,0.009071,3,1,SOROTI,Western Division
33.6108405394818,1.6954913266498,344,7006,0.000007,0.013576,2,2,SOROTI,Western Division
33.6486755931495,2.18691800772618,370,6710,0.000185,0.053238,3,1,AMURIA,Willa
34.3289485383083,0.849832607886581,39,10101,0.000016,0.015621,1,1,NAMISINDWA,Bubutu
34.263974311853,0.858112682924282,29,10201,0.000011,0.013096,3,1,MANAFWA,Bugobero
34.3229829150016,0.91530715075726,38,10102,0.000013,0.017611,1,1,NAMISINDWA,Bukhaweka
34.1759972621142,0.955983991132272,68,9802,0.000021,0.019579,1,1,MBALE,Bukiende
34.3543788037755,1.02206500433847,17,10303,0.000002,0.005545,2,2,BUDUDA,Bukigai
34.3164652097,0.888565085405391,28,10202,0.000004,0.008287,3,1,MANAFWA,Bukusu
34.1916860387053,0.894849356193864,67,9803,0.000027,0.024306,1,1,MBALE,Bumasikye
34.3535976085429,0.804857900029422,35,10105,0.000010,0.011964,1,1,NAMISINDWA,Bumwoni
34.2661859728297,0.784507729674834,27,10203,0.000043,0.027125,3,1,MANAFWA,Bunabwana
34.1997358194,1.02076878850621,65,9805,0.000004,0.010965,1,1,MBALE,Bungokho
34.183057943912,1.01086929322657,66,9804,0.000027,0.024328,1,1,MBALE,Bungokho
34.2831975999694,1.03864383866671,19,10301,0.000146,0.272036,2,2,MBALE,Busano
34.2662725250638,1.02236453281075,63,9807,0.000006,0.009229,1,1,MBALE,Busano
34.1579388661658,0.918608351939477,60,9810,0.000015,0.015890,1,1,MBALE,Busiu Town Council
34.1655957665305,0.917407691812237,62,9808,0.000048,0.033887,1,1,MBALE,Busiu Town Council
34.1545343274051,0.95763330125674,61,9809,0.000022,0.018041,1,1,MBALE,Busoba
34.1867996838741,0.827547365929132,26,10204,0.000009,0.011805,3,1,MANAFWA,Busukuya
34.2771888677381,0.833413174014032,25,10205,0.000044,0.033946,3,1,MANAFWA,Butiru
34.3602114160095,0.935908824417286,34,10106,0.000009,0.011698,1,1,NAMISINDWA,Buwabwala
34.3333583172304,0.96196359564841,24,10206,0.000005,0.009049,3,1,MANAFWA,Buwagogo
34.3184202657634,0.991651944886732,20,10210,0.000009,0.013858,3,1,MANAFWA,Buwangani Town Council
34.2986027648242,0.920923709321147,23,10207,0.000020,0.019001,3,1,MANAFWA,Khabutoola
34.3611504727328,0.863986814871716,33,10107,0.000031,0.022593,1,1,NAMISINDWA,Magale Town Council
34.2916129343171,0.961038082363329,32,10108,0.000013,0.014623,1,1,MANAFWA,Manafwa Town Council
34.2431162961872,0.904597116324244,22,10208,0.000009,0.014883,3,1,MANAFWA,Nalondo
34.3575856582355,0.994720113816834,10,10310,0.000007,0.010793,2,2,BUDUDA,Nalwanza
34.3219982803604,0.897629007267526,31,10109,0.000016,0.016515,1,1,NAMISINDWA,Namabya
34.2872735613454,0.847714596649884,21,10209,0.000030,0.027660,3,1,MANAFWA,Sisuni
34.3493640413145,0.960195652667032,30,10110,0.000007,0.013787,1,1,NAMISINDWA,Tsekululu
34.4113647719429,0.892495113514592,37,10103,0.000007,0.010603,1,1,NAMISINDWA,Bukokho
34.3754173359234,0.876673202700114,36,10104,0.000020,0.022301,1,1,NAMISINDWA,Bumbo
34.4959919087937,1.34217896044598,149,9001,0.000041,0.028227,3,1,KWEEN,Benet
34.2724280850522,1.08345604002121,79,9701,0.000004,0.009422,2,2,MBALE,Bubyangu
34.3214042135934,1.18054785117907,179,8701,0.000009,0.012330,4,2,SIRONKO,Budadiri Town Council
34.2546682956755,1.11212493117904,78,9702,0.000003,0.008148,2,2,MBALE,Bufumbo
34.4064281579678,1.16271556638055,178,8702,0.000005,0.009139,4,2,SIRONKO,Bugitimwa
34.2940862183425,1.21133372845471,174,8706,0.000024,0.033214,4,2,SIRONKO,Buhugu
34.4106343272347,1.01775116314485,18,10302,0.000005,0.012671,2,2,BUDUDA,Bukalasi
34.2670254006005,1.35645051385042,94,9506,0.000013,0.015217,1,1,BULAMBULI,Bukhalu
34.2801395725148,1.31652222486225,98,9502,0.000013,0.015798,1,1,BULAMBULI,Bukhalu
34.2553029821297,1.31643459564821,99,9501,0.000023,0.018875,1,1,BULAMBULI,Bukhalu
34.2320775607455,1.23883357970795,169,8801,0.000014,0.016508,1,1,SIRONKO,Bukhulo
34.273417228668,1.24175036503911,176,8704,0.000006,0.011998,4,2,SIRONKO,Bukiise
34.2305311064787,1.18537039746269,168,8802,0.000005,0.008092,1,1,SIRONKO,Bukiyi
34.2301624611825,1.11077836300123,76,9704,0.000014,0.018090,2,2,MBALE,Bukonde
34.2316025918238,1.09105101582288,77,9703,0.000001,0.004375,2,2,MBALE,Bukonde
34.3355874232072,1.14801479568936,175,8705,0.000007,0.012509,4,2,SIRONKO,Bukyambi
34.3239435309167,1.29439604523256,90,9510,0.000000,0.002523,1,1,BULAMBULI,Bulegeni Town Council
34.3820932316057,1.03870113905722,16,10304,0.000005,0.009599,2,2,BUDUDA,Bulucheke
34.3773333333333,1.184827,173,8707,0.000003,0.009489,4,2,SIRONKO,Bumasifwa
34.3934727810229,1.1980145575811,96,9504,0.000005,0.008728,1,1,BULAMBULI,Bumasobo
34.4199382570564,1.05571807599045,15,10305,0.000007,0.012483,2,2,BUDUDA,Bumayoka
34.2830348101571,1.12246240844784,167,8803,0.000003,0.007153,1,1,SIRONKO,Bunyafa
34.3385447448932,1.06704970597132,14,10306,0.000005,0.008354,2,2,BUDUDA,Bushika
34.388779971877,1.05608418299292,12,10308,0.000002,0.007055,2,2,BUDUDA,Bushiyi
34.3564125822934,1.15699552133781,172,8708,0.000002,0.007544,4,2,SIRONKO,Busulani
34.3028629307148,1.25185722488101,177,8703,0.000003,0.007375,4,2,SIRONKO,Butandiga
34.3282944065971,1.1396513446892,166,8804,0.000009,0.011507,1,1,SIRONKO,Buteza
34.2568624440579,1.14974112200393,165,8805,0.000006,0.009916,1,1,SIRONKO,Buwalasi
34.2613934139144,1.14535668905641,164,8806,0.000008,0.013517,1,1,SIRONKO,Buwasa
34.29778897569,1.16111795137081,163,8807,0.000009,0.012073,1,1,SIRONKO,Buyobo
34.3848105346428,1.38146287089644,159,8901,0.000006,0.018952,2,2,KAPCHORWA,Chema
34.4675642105339,1.35327481740746,152,8908,0.000005,0.013096,2,2,KAPCHORWA,Eastern Division
34.1629278025811,1.08138110337259,56,9904,0.000000,0.002440,1,1,MBALE,Industrial Divison
34.1540050160156,1.08035359932252,57,9903,0.000000,0.002711,1,1,MBALE,Industrial Divison
34.1561342939812,1.08174337235143,58,9902,0.000001,0.003692,1,1,MBALE,Industrial Divison
34.1663433681958,1.0735412571003,59,9901,0.000009,0.013160,1,1,MBALE,Industrial Divison
34.0936932205698,1.1942440317762,45,10005,0.000018,0.018702,2,2,BUKEDEA,Kachumbala
34.1305596688406,1.22659964276921,46,10004,0.000183,0.057506,2,2,BUKEDEA,Kachumbala
34.1057626425402,1.28719887486552,47,10003,0.000016,0.016778,2,2,BUKEDEA,Kachumbala
34.3184960921874,1.28636536314905,97,9503,0.000000,0.003165,1,1,BULAMBULI,Kamu
34.2107803890187,1.24547329015332,42,10008,0.000122,0.047077,2,2,BUKEDEA,Kolir
34.2141028446803,1.40769261061378,43,10007,0.000113,0.055976,2,2,BUKEDEA,Kolir
34.3520609498525,1.2569807604479,93,9507,0.000000,0.003119,1,1,BULAMBULI,Lusha
34.3916766224444,1.13464695031788,171,8709,0.000005,0.010890,4,2,SIRONKO,Masaba
34.39236489067,1.27585698654341,92,9508,0.000010,0.013530,1,1,BULAMBULI,Masiira
34.1777667053714,1.12062918228507,75,9705,0.000011,0.016238,2,2,MBALE,Nakaloke
34.1582196718274,1.14436214740136,73,9707,0.000014,0.016447,2,2,MBALE,Nakaloke Town Council
34.1715019271622,1.11674650725825,74,9706,0.000008,0.011403,2,2,MBALE,Nakaloke Town Council
34.2701151282147,1.16822263680165,162,8808,0.000002,0.007852,1,1,SIRONKO,Nalusala
34.1835073121953,1.11035404093507,71,9709,0.000014,0.018718,2,2,MBALE,Namanyonyi
34.1986166760187,1.09134846342404,72,9708,0.000025,0.019969,2,2,MBALE,Namanyonyi
34.1713232167752,1.09702827339234,52,9908,0.000002,0.006006,1,1,MBALE,Northern Division
34.1807738097771,1.09315683926974,53,9907,0.000001,0.005754,1,1,MBALE,Northern Division
34.1843941265202,1.08757769717564,54,9906,0.000001,0.003628,1,1,MBALE,Northern Division
34.1670944476102,1.09376170250586,55,9905,0.000005,0.010670,1,1,MBALE,Northern Division
34.3663769168952,1.33502095361091,154,8906,0.000009,0.011720,2,2,KAPCHORWA,Sipi
34.247423150087,1.22892092720395,160,8810,0.000002,0.005089,1,1,SIRONKO,Sironko Town Council
34.2424899692567,1.23405353590761,161,8809,0.000008,0.015779,1,1,SIRONKO,Sironko Town Council
34.3287777162151,1.27067781611541,91,9509,0.000001,0.005360,1,1,BULAMBULI,Sisiyi
34.4336883013727,1.40990181100144,150,8910,0.000028,0.026669,2,2,KAPCHORWA,Western Division
34.4022303176989,1.40742438629935,151,8909,0.000003,0.007848,2,2,KAPCHORWA,Western Division
34.3301995193228,1.10570538044468,170,8710,0.000014,0.014564,4,2,SIRONKO,Zesui
33.4251234617959,0.964443155315084,109,9401,0.000002,0.008596,2,2,KALIRO,Budomero
33.2751379628479,1.06097829191019,8,10402,0.000018,0.020024,2,2,BUYENDE,Bugaya
33.2931961027853,1.09249492824688,9,10401,0.000027,0.026978,2,2,BUYENDE,Bugaya
33.4119078168988,1.20270782749352,108,9402,0.000021,0.020311,2,2,KALIRO,Bukamba
33.0432714823714,0.892182040228591,297,7503,0.000112,0.041892,2,2,KAMULI,Butansi
33.1034064118799,1.23377719449498,6,10404,0.000055,0.030448,2,2,BUYENDE,Buyende
33.1570435816618,1.28110160709018,7,10403,0.000027,0.021085,2,2,BUYENDE,Buyende
33.3298725197317,1.02524310027746,204,8406,0.000029,0.035359,1,1,LUUKA,Ikumbya
33.3408072511405,0.957061764584534,205,8405,0.000067,0.042293,1,1,LUUKA,Ikumbya
33.3674155865951,1.27891479385607,3,10407,0.000042,0.028417,2,2,BUYENDE,Kagulu
33.307807708947,1.28910672509,4,10406,0.000042,0.024759,2,2,BUYENDE,Kagulu
33.32713128457,1.13696622909806,5,10405,0.000019,0.020902,2,2,BUYENDE,Kagulu
33.0837751709262,1.14577064188349,299,7501,0.000041,0.027708,2,2,KAMULI,Kagumba
32.9506338022665,1.29916023712065,1,10409,0.000181,0.064180,2,2,BUYENDE,Kidera
32.8740768639021,1.40423358399661,2,10408,0.000048,0.030953,2,2,BUYENDE,Kidera
32.9533717872055,1.00820755461036,293,7507,0.000001,0.004365,2,2,KAMULI,Namasagali
32.9955075469483,0.952868350269124,294,7506,0.000043,0.026247,2,2,KAMULI,Namasagali
33.2708654764822,0.977497458685679,291,7509,0.000018,0.018356,2,2,KAMULI,Namwendwa
33.2792521425365,0.95335448538232,292,7508,0.000078,0.037027,2,2,KAMULI,Namwendwa
33.4070864673311,1.01563896312863,101,9409,0.000037,0.027974,2,2,KALIRO,Nansololo
33.3901466756498,1.07465755554331,100,9410,0.000024,0.022284,2,2,KALIRO,Nawaikoke
33.0759816317404,1.32601060534604,0,10410,0.000096,0.041909,2,2,BUYENDE,Nkondo
33.1254195596778,0.949115084127806,283,7607,0.000005,0.008877,2,2,KAMULI,Northern Division
33.1284749635445,0.937422410166912,284,7606,0.000010,0.013796,2,2,KAMULI,Northern Division
33.1461180473858,0.931707582376897,285,7605,0.000036,0.026223,2,2,KAMULI,Northern Division
33.1025017183229,0.907572523893993,280,7610,0.000016,0.016299,,,KAMULI,Southern Division
33.0773856158547,0.960685716607055,281,7609,0.000055,0.029880,,,KAMULI,Southern Division
33.1180257158836,0.943386378068601,282,7608,0.000006,0.009822,,,KAMULI,Southern Division
29.897232922272,-1.31536473757153,408,6402,0.000045,0.028841,2,2,RUBANDA,Bufundi
29.8554015887681,-1.31324638257008,409,6401,0.000034,0.023501,2,2,RUBANDA,Bufundi
29.7458216811027,-1.17060292351965,479,5701,0.000034,0.032400,1,1,KISORO,Bukimbiri
29.5828000768692,-1.17937051881299,468,5802,0.000014,0.018117,3,1,KISORO,Busanza
29.6401926474662,-1.20733627016054,469,5801,0.000043,0.035483,3,1,KISORO,Busanza
29.6945422406584,-1.28412348202531,451,5909,0.000003,0.006622,2,2,KISORO,Central
29.7324577616208,-1.29393588183087,459,5901,0.000012,0.014934,2,2,KISORO,Chahi
29.8574440324633,-1.08580855600626,407,6403,0.000033,0.022088,2,2,RUBANDA,Ikumba
29.7595624912126,-1.27701462702879,477,5703,0.000005,0.014639,1,1,KISORO,Kanaba
29.7908631616188,-1.29002481254188,478,5702,0.000032,0.023452,1,1,KISORO,Kanaba
29.6229930762938,-0.970928684071609,578,4702,0.000012,0.014988,1,1,KANUNGU,Kayonza
29.6758484399223,-0.903206699745195,579,4701,0.000020,0.018172,1,1,KANUNGU,Kayonza
29.8153200285341,-1.02063233421282,584,4606,0.000024,0.026133,1,1,KANUNGU,Kinaaba
29.6463726909166,-1.18871149626887,465,5805,0.000070,0.037334,3,1,KISORO,Kirundo
29.759553090433,-0.974305066469437,573,4707,0.000055,0.028996,1,1,KANUNGU,Mpungu
29.8731648474406,-1.19509170746132,404,6406,0.000015,0.017635,2,2,RUBANDA,Muko
29.7991401725128,-1.17476983097741,405,6405,0.000010,0.020660,2,2,RUBANDA,Muko
29.7858924035087,-1.20483028039986,406,6404,0.000005,0.009841,2,2,RUBANDA,Muko
29.6377292711622,-1.32036862681459,456,5904,0.000006,0.009957,2,2,KISORO,Muramba
29.6177776611865,-1.34838676820075,457,5903,0.000023,0.019746,2,2,KISORO,Muramba
29.608567446181,-1.31039772241048,458,5902,0.000008,0.011580,2,2,KISORO,Muramba
29.8153690875856,-1.32307174480467,475,5705,0.000008,0.010738,1,1,KISORO,Murora
29.7620414469292,-1.32986692609916,476,5704,0.000015,0.015493,1,1,KISORO,Murora
29.6324957172686,-1.13243830883521,463,5807,0.000052,0.036405,3,1,KISORO,Nyabwishenya
29.5911188337811,-1.06626567776928,464,5806,0.000045,0.025816,3,1,KISORO,Nyabwishenya
29.7425753019829,-1.26951672873546,472,5708,0.000050,0.036693,1,1,KISORO,Nyakabande
29.7295414966595,-1.28218213453289,473,5707,0.000002,0.008296,1,1,KISORO,Nyakabande
29.7200840194495,-1.26239927051667,474,5706,0.000003,0.007743,1,1,KISORO,Nyakabande
29.6539045690379,-1.27841749806181,454,5906,0.000022,0.018236,2,2,KISORO,Nyakinama
29.6635214030718,-1.26571750759819,455,5905,0.000014,0.015196,2,2,KISORO,Nyakinama
29.646243760048,-1.26086590058317,461,5809,0.000020,0.018764,3,1,KISORO,Nyarubuye
29.6149136429697,-1.22384193537027,462,5808,0.000049,0.032339,3,1,KISORO,Nyarubuye
29.6918367135953,-1.30186928291056,452,5908,0.000018,0.016957,2,2,KISORO,Nyarusiza
29.683906608384,-1.34495011070035,453,5907,0.000008,0.012449,2,2,KISORO,Nyarusiza
29.7030419113597,-1.16158233748502,470,5710,0.000168,0.051785,1,1,KISORO,Nyundo
29.7345067814716,-1.21204331798692,471,5709,0.000069,0.035173,1,1,KISORO,Nyundo
29.8402906620613,-1.17365830074564,400,6410,0.000015,0.015592,2,2,RUBANDA,Rubanda Town Council
29.8334838736096,-1.1723708484819,401,6409,0.000016,0.016493,2,2,RUBANDA,Rubanda Town Council
29.8376541682716,-1.13644458229387,402,6408,0.000025,0.021038,2,2,RUBANDA,Rubanda Town Council
29.6531954044736,-1.11144432818372,460,5810,0.000050,0.043378,3,1,KISORO,Rubuguri Town Council
29.6805044701299,-1.12716636654185,466,5804,0.000015,0.018033,3,1,KISORO,Rubuguri Town Council
29.6543939731556,-1.12040827930988,467,5803,0.000037,0.029589,3,1,KISORO,Rubuguri Town Council
29.8096157336227,-1.04718594959004,403,6407,0.000016,0.017324,2,2,RUBANDA,Ruhija
29.6891815922151,-1.29251997684657,450,5910,0.000009,0.011710,2,2,KISORO,Southern
33.1838318884041,0.816934581122069,290,7510,0.000044,0.033339,2,2,KAMULI,Bugulumbya
33.3376172838857,0.837394225076488,207,8403,0.000087,0.044115,1,1,LUUKA,Bukooma
33.3329452361896,0.877910919879459,208,8402,0.000028,0.031768,1,1,LUUKA,Bukooma
33.3772648208791,0.785201106779388,206,8404,0.000087,0.042265,1,1,LUUKA,Bulongo
33.2515893161677,0.814153838252207,298,7502,0.000028,0.023619,2,2,KAMULI,Bulopa
33.269352468929,0.749088709069743,203,8407,0.000082,0.039243,1,1,LUUKA,Irongo
33.0661736350133,0.73579566079375,289,7601,0.000028,0.046134,2,2,KAMULI,Kisozi
33.1899644125523,0.911519496517478,295,7505,0.000023,0.019113,2,2,KAMULI,Kitayunjwa
33.1621441725816,0.860335846435017,296,7504,0.000041,0.030539,2,2,KAMULI,Kitayunjwa
33.0413235889813,0.842198677436651,287,7603,0.000044,0.033809,2,2,KAMULI,Mbulamuti
33.149756990307,0.73552917739201,286,7604,0.000030,0.026363,2,2,KAMULI,Nawanyago
31.4631652541704,1.73554477060878,1009,401,0.000060,0.030583,4,2,BULIISA,Biiso
31.4937105838958,1.58859004779135,825,2205,0.000011,0.013433,1,1,MASINDI,Budongo
31.5050804807514,1.67221418341651,826,2204,0.000047,0.028610,1,1,MASINDI,Budongo
31.5403699610655,1.58760455362355,827,2203,0.000051,0.029400,1,1,MASINDI,Budongo
31.5848881510085,1.65356514547595,828,2202,0.000006,0.011480,1,1,MASINDI,Budongo
31.5826697161998,1.64865479740632,829,2201,0.000001,0.005540,1,1,MASINDI,Budongo
31.2647904619708,1.44011121570794,739,3101,0.000041,0.029917,1,1,KIKUUBE,Bugambe
31.4289860202501,1.3578005826848,749,3001,0.000097,0.041945,2,2,HOIMA,Buhanika
31.2957458736498,1.24095551395363,737,3103,0.000125,0.044076,1,1,KIKUUBE,Buhimba
31.3016799138926,1.35130909422014,738,3102,0.000064,0.032703,1,1,KIKUUBE,Buhimba Town Council
31.3416160699119,1.46369276670699,728,3202,0.000036,0.026522,1,1,HOIMA,Bujumbura Division
31.3529811925852,1.43984136927768,729,3201,0.000015,0.017858,1,1,HOIMA,Bujumbura Division
31.2804564561799,1.4068255023268,726,3204,0.000170,0.051348,1,1,HOIMA,Busiisi Division
31.3201103713951,1.46773562838236,727,3203,0.000117,0.045579,1,1,HOIMA,Busiisi Division
31.381062713045,1.83812849471569,1004,406,0.000015,0.015881,4,2,BULIISA,Butiaba
31.3227333290104,1.81699823886847,1005,405,0.000004,0.009701,4,2,BULIISA,Butiaba
31.3343193193588,1.81616247461207,1006,404,0.000002,0.011899,4,2,BULIISA,Butiaba
31.6913150028467,1.6191555263761,820,2210,0.000060,0.033728,1,1,MASINDI,Bwijanga
31.6738166666667,1.438089,821,2209,0.000134,0.061393,1,1,MASINDI,Bwijanga
31.6931465382756,1.47844893913291,822,2208,0.000125,0.056719,1,1,MASINDI,Bwijanga
31.6231897465653,1.54805128131069,823,2207,0.000118,0.044483,1,1,MASINDI,Bwijanga
31.6414194641526,1.56774597943063,824,2206,0.000023,0.023142,1,1,MASINDI,Bwijanga
31.0044173510776,1.24175277174418,735,3105,0.000005,0.009071,1,1,KIKUUBE,Kabwoya
31.1249655482067,1.21321873149863,736,3104,0.000228,0.065510,1,1,KIKUUBE,Kabwoya
31.3704370809901,1.41936769510316,721,3209,0.000012,0.013894,1,1,HOIMA,Kahoora Divison
31.3483764487583,1.43635085614948,723,3207,0.000004,0.009613,2,2,HOIMA,Kahoora Divison
31.3516689163391,1.40691603554894,724,3206,0.000006,0.010948,1,1,HOIMA,Kahoora Divison
31.3533262990967,1.43412896259475,725,3205,0.000001,0.004025,1,1,HOIMA,Kahoora Divison
31.6669892434543,1.72739951941692,806,2404,0.000040,0.035664,1,1,MASINDI,Karujubu Division
31.7258848309978,1.72101580736088,807,2403,0.000071,0.036065,1,1,MASINDI,Karujubu Division
31.6224679847376,1.66614475359824,808,2402,0.000008,0.013473,1,1,MASINDI,Karujubu Division
31.3481080147871,1.62170655073971,745,3005,0.000052,0.031057,2,2,HOIMA,Kigorobya
31.3416553650595,1.58205569064637,746,3004,0.000166,0.054009,2,2,HOIMA,Kigorobya
31.2547888448234,1.67586926275177,747,3003,0.000002,0.009668,2,2,HOIMA,Kigorobya
31.2071173981751,1.5944744873797,748,3002,0.000047,0.032906,2,2,HOIMA,Kigorobya
31.4606777391483,1.72400361038116,1002,408,0.000068,0.039652,4,2,BULIISA,Kihungya
31.207091454765,1.2978833971064,733,3107,0.000164,0.050768,1,1,KIKUUBE,Kikuube Town Council
31.2310161779152,1.31634639287713,734,3106,0.000042,0.026336,1,1,KIKUUBE,Kikuube Town Council
31.3465092447351,1.50710101688364,743,3007,0.000015,0.015365,2,2,HOIMA,Kitoba
31.2872466838531,1.50802862754739,744,3006,0.000025,0.022130,2,2,HOIMA,Kitoba
31.4236091291336,1.54450933889708,740,3010,0.000087,0.042876,2,2,HOIMA,Kyabigambire
31.5156835698965,1.47754407435097,741,3009,0.000053,0.033880,2,2,HOIMA,Kyabigambire
31.4873775544458,1.48711656495124,742,3008,0.000080,0.036065,2,2,HOIMA,Kyabigambire
30.8154987227506,1.25401730051763,730,3110,0.000180,0.071382,1,1,KIKUUBE,Kyangwali
30.8257408206477,1.28510816125378,731,3109,0.000162,0.055289,1,1,KIKUUBE,Kyangwali
30.9260095335479,1.23030867298139,732,3108,0.000040,0.036545,1,1,KIKUUBE,Kyangwali
31.4106616579732,1.40534066538783,720,3210,0.000009,0.015373,1,1,HOIMA,Mparo Divison
31.3958158144377,1.46285019678838,722,3208,0.000016,0.017424,1,1,HOIMA,Mparo Divison
31.7140766458243,1.76635100769794,810,2310,0.000034,0.026103,1,1,MASINDI,Pakanyi
31.8692183913117,1.79143331029624,811,2309,0.000057,0.031316,1,1,MASINDI,Pakanyi
31.7805919519349,1.88701808980606,812,2308,0.000085,0.041365,1,1,MASINDI,Pakanyi
31.7616509902472,1.79402412780423,813,2307,0.000123,0.049696,1,1,MASINDI,Pakanyi
31.84664497864,1.84916252045679,814,2306,0.000079,0.040267,1,1,MASINDI,Pakanyi
31.7026652583207,1.82838102303069,815,2305,0.000122,0.048018,1,1,MASINDI,Pakanyi
31.7110130137806,1.83266368820783,816,2304,0.000062,0.039514,1,1,MASINDI,Pakanyi
31.1526798848088,0.940840874505681,539,5101,0.000039,0.029912,2,2,KAKUMIRO,Birembo
31.0719115047015,0.744395449618859,498,5502,0.000104,0.052839,1,1,KIBAALE,Bwamiramira
31.301960879882,0.79715243384764,538,5102,0.000051,0.031053,2,2,KAKUMIRO,Bwanswa
31.1756083013795,1.15702618226314,536,5104,0.000111,0.043797,2,2,KAKUMIRO,Kakindo
31.1390047790962,1.1014858998588,537,5103,0.000059,0.033221,2,2,KAKUMIRO,Kakindo
31.3254452589896,0.782225731582297,535,5105,0.000006,0.010792,2,2,KAKUMIRO,Kakumiro  Town Council
31.2633050760156,0.849085141067994,533,5107,0.000201,0.056828,2,2,KAKUMIRO,Kasambya
31.2659973683668,0.976664563635148,534,5106,0.000065,0.042922,2,2,KAKUMIRO,Kasambya
31.0960430239643,0.974462270463959,490,5510,0.000027,0.022231,1,1,KIBAALE,Kasimbi
31.0904993232672,0.912112863244699,497,5503,0.000127,0.049763,1,1,KIBAALE,Kasimbi
31.3230469890396,1.11619525193142,527,5203,0.000056,0.036435,1,1,KAKUMIRO,Katikara
31.2529222023718,1.17189408246189,528,5202,0.000046,0.026745,2,2,KAKUMIRO,Katikara
31.20977855448,0.980701296605807,530,5110,0.000051,0.030642,2,2,KAKUMIRO,Kijangi
31.1745959792958,1.00749568188665,531,5109,0.000043,0.030549,2,2,KAKUMIRO,Kikwaya
31.1131494166064,1.02245884184586,505,5405,0.000040,0.027684,,,KAGADI,Kiryanga
31.0577753788469,1.04517078644809,506,5404,0.000010,0.019988,,,KAGADI,Kiryanga
31.3375549809218,1.01370168442498,525,5205,0.000083,0.041660,1,1,KAKUMIRO,Kisiita
31.3743010926599,1.04967907758968,526,5204,0.000062,0.035502,1,1,KAKUMIRO,Kisiita
31.3753245666309,1.13434070016518,529,5201,0.000078,0.040596,1,1,KAKUMIRO,Kisiita Town Council
31.1960194517568,0.767745574789143,496,5504,0.000152,0.049399,1,1,KIBAALE,Matale
31.3829780215402,1.0093311928713,523,5207,0.000067,0.032627,1,1,KAKUMIRO,Mpasaana
31.4521829203846,1.02943877756048,524,5206,0.000059,0.042377,1,1,KAKUMIRO,Mpasaana
31.3003063553555,1.08879181893702,532,5108,0.000107,0.048945,2,2,KAKUMIRO,Nalweyo
31.3805351181733,0.966239491590672,520,5210,0.000142,0.047388,1,1,KAKUMIRO,Nkooko
31.43529584389,0.848989694506451,521,5209,0.000028,0.028084,1,1,KAKUMIRO,Nkooko
31.4476044911802,0.967630605531804,522,5208,0.000065,0.034547,1,1,KAKUMIRO,Nkooko
31.192665744095,0.658813755550972,491,5509,0.000134,0.047469,1,1,KIBAALE,Nyamarwa
31.2442515337981,0.66913940931486,492,5508,0.000022,0.022010,1,1,KIBAALE,Nyamarwa
30.1612363682899,0.57936378699497,671,3709,0.000033,0.025026,3,1,BUNYANGABU,Buheesi Town Council
30.1217574914461,0.379220797241622,769,2801,0.000028,0.023115,,,KASESE,Buhuhira
30.1007048828187,0.710471688274017,1029,201,0.000007,0.011218,,,BUNDIBUGYO,Bukonzo
30.0653842513898,0.699513105486404,1017,303,0.000006,0.010977,,,BUNDIBUGYO,Bundibugyo Town Council
30.0730940518814,0.699581522198269,1018,302,0.000012,0.014682,,,BUNDIBUGYO,Bundibugyo Town Council
30.0281944488526,0.671470255431592,1016,304,0.000013,0.018386,,,BUNDIBUGYO,Busaru
29.9588982958487,0.634565252366381,1019,301,0.000012,0.014470,,,BUNDIBUGYO,Busunga Twon Council
29.9964724998087,0.623704069836502,1026,204,0.000013,0.024183,,,BUNDIBUGYO,Butama-Mitunda Town Council
30.2102616906146,0.755943870737489,611,4309,0.000011,0.017343,2,2,NTOROKO,Butungama
30.3946882179249,1.15915721109607,619,4301,0.000441,0.094939,2,2,NTOROKO,Butungama
30.1824148486317,0.930335923803045,618,4302,0.000080,0.056635,2,2,NTOROKO,Bweramule
30.1124714381671,0.473885652230867,768,2802,0.000010,0.014334,,,KASESE,Bwesumbu
30.030804954833,0.637078187433253,1027,203,0.000001,0.005704,,,BUNDIBUGYO,Harugale
30.0783884676351,0.681504855539688,1028,202,0.000007,0.010021,,,BUNDIBUGYO,Harugale
30.1617663894801,0.478795493422905,678,3702,0.000064,0.030434,3,1,BUNYANGABU,Kabonero
29.9939954439511,0.593925798942173,1020,210,0.000015,0.017546,,,BUNDIBUGYO,Kagugu
30.2269879771381,0.861258146487598,614,4306,0.000039,0.039135,2,2,NTOROKO,Karugutu
30.2259714355989,0.783159222083663,613,4307,0.000020,0.022281,2,2,NTOROKO,Karugutu Town Council
30.1392307607219,0.516419255882807,677,3703,0.000018,0.018058,3,1,BUNYANGABU,Katebwa
30.2447294899914,0.45580171606579,676,3704,0.000115,0.046824,3,1,BUNYANGABU,Kibiito
30.2132369001514,0.729908943809292,663,3807,0.000035,0.023760,2,2,KABAROLE,Kicwamba
30.1862187160619,0.710984254068523,665,3805,0.000013,0.014704,2,2,KABAROLE,Kicwamba
30.0710827404602,0.727331825152363,1015,305,0.000002,0.006006,,,BUNDIBUGYO,Kirumya
30.2344769528628,0.494484899588385,674,3706,0.000014,0.016213,3,1,BUNYANGABU,Kisomoro
30.1777323690162,0.502880266839653,675,3705,0.000008,0.015813,3,1,BUNYANGABU,Kisomoro
29.9850937811482,0.700193325687194,1013,307,0.000004,0.008889,,,BUNDIBUGYO,Kisubba
29.9955373383976,0.712917163757489,1014,306,0.000010,0.018035,,,BUNDIBUGYO,Kisubba
30.2191025935458,0.539802021083002,679,3701,0.000071,0.034768,3,1,BUNYANGABU,Kiyombya
30.1695928050578,0.414757893326481,764,2806,0.000019,0.027874,,,KASESE,Kyabarungira
30.1509021115487,0.572370765909172,670,3710,0.000065,0.032889,3,1,BUNYANGABU,Kyamukube Town Council
30.130701485542,0.335111344631972,761,2809,0.000009,0.013541,,,KASESE,Maliba
30.106138131028,0.364746593923397,762,2808,0.000046,0.034334,,,KASESE,Maliba
30.0666804175808,0.345851140629772,763,2807,0.000006,0.009940,,,KASESE,Maliba
30.0154816936449,0.648458288000776,1012,308,0.000011,0.014201,,,BUNDIBUGYO,Mirambi
30.169352045921,0.642945157648459,661,3809,0.000046,0.033402,2,2,KABAROLE,Mugusu
30.2174618798246,0.628483735835247,660,3810,0.000014,0.016681,2,2,KABAROLE,Mugusu Town Council
30.0346754622379,0.62387326619788,1025,205,0.000010,0.013041,,,BUNDIBUGYO,Nduguto
30.1164526964692,0.743573325294807,1023,207,0.000006,0.013713,,,BUNDIBUGYO,Ngamba
30.1249580893731,0.737112894158295,1024,206,0.000006,0.013839,,,BUNDIBUGYO,Ngamba
30.1260898157226,0.796443671995218,1021,209,0.000010,0.012930,,,BUNDIBUGYO,Ntotoro
30.077697011476,0.777082967353286,1022,208,0.000007,0.017123,,,BUNDIBUGYO,Ntotoro
29.9880906180751,0.677827534419739,1010,310,0.000003,0.008805,,,BUNDIBUGYO,Nyahuka Town Council
30.0062409579142,0.673243968190635,1011,309,0.000011,0.021226,,,BUNDIBUGYO,Nyahuka Town Council
30.2243129872444,0.381239352843089,672,3708,0.000017,0.020415,3,1,BUNYANGABU,Rwimi Town Council
33.5993684116292,0.624316808341732,245,8005,0.000005,0.009042,4,2,BUGWERI,Bugweri Town Council
33.6196411730788,0.620925740386485,247,8003,0.000002,0.006271,4,2,BUGWERI,Bugweri Town Council
33.6202791540908,0.776758185445738,249,8001,0.000010,0.014509,4,2,BUGWERI,Busembatia Town Council
33.4815325388957,0.472420995976229,125,9205,0.000024,0.023528,2,2,MAYUGE,Buwaaya
33.5188780385269,0.532121047013534,126,9204,0.000062,0.033559,2,2,MAYUGE,Buwaaya
33.6491341232223,0.700434830881254,246,8004,0.000061,0.039937,4,2,BUGWERI,Buyanga
33.6141260770705,0.666481889919782,248,8002,0.000030,0.024865,4,2,BUGWERI,Buyanga
33.6454404331544,0.592772024439356,244,8006,0.000029,0.023242,4,2,BUGWERI,Ibulanku
33.586325834772,0.567328053636746,243,8007,0.000049,0.032493,4,2,BUGWERI,Igombe
33.5483939125324,0.402314749364777,122,9208,0.000025,0.020551,2,2,MAYUGE,Kigandalo
33.6336873659902,0.424127006068221,123,9207,0.000029,0.024362,2,2,MAYUGE,Kigandalo
33.5919339094313,0.434447124971025,124,9206,0.000038,0.029493,2,2,MAYUGE,Kigandalo
33.6116406235469,0.504431035755194,242,8008,0.000027,0.020291,4,2,BUGWERI,Makuutu
33.5358975294307,0.494586780152502,120,9210,0.000094,0.037237,2,2,MAYUGE,Mpungwe
33.5309573513554,0.464215810465364,121,9209,0.000059,0.032373,2,2,MAYUGE,Mpungwe
33.510423839754,0.642515958765091,223,8207,0.000033,0.024424,1,1,IGANGA,Nakalama
33.4939504877646,0.61855989225066,224,8206,0.000004,0.008962,1,1,IGANGA,Nakalama
33.4919453587486,0.630400755952358,225,8205,0.000007,0.011905,1,1,IGANGA,Nakalama
33.5357407362743,0.559558107772664,220,8210,0.000012,0.014627,1,1,IGANGA,Nakigo
33.5334550515717,0.60610991974057,221,8209,0.000014,0.016789,1,1,IGANGA,Nakigo
33.4921529975263,0.604307098144695,222,8208,0.000007,0.011567,1,1,IGANGA,Nakigo
33.5962316188102,0.744796216356088,240,8010,0.000042,0.033763,4,2,BUGWERI,Namalemba
33.6062124576217,0.78093970014277,241,8009,0.000033,0.024079,4,2,BUGWERI,Namalemba
33.5139485932344,0.757042171275476,217,8303,0.000020,0.021124,2,2,IGANGA,Nambale
33.5026126973796,0.815882025282307,218,8302,0.000059,0.033397,2,2,IGANGA,Nambale
33.4971885335304,0.842915984643873,219,8301,0.000004,0.009611,2,2,IGANGA,Nambale
33.5106701895945,0.680393314167658,214,8306,0.000046,0.033435,2,2,IGANGA,Namungalwe
33.4968561682324,0.721767301673169,215,8305,0.000008,0.012353,2,2,IGANGA,Namungalwe
33.5169141243788,0.717978912626397,216,8304,0.000041,0.025855,2,2,IGANGA,Namungalwe
30.4805194434795,1.05448793609905,617,4303,0.000002,0.009509,2,2,NTOROKO,Kanara
30.5363615422911,1.05258467797945,615,4305,0.000001,0.004142,1,1,NTOROKO,Kanara Town Council
30.5378228751356,1.05263784396357,616,4304,0.000001,0.003873,1,1,NTOROKO,Kanara Town Council
30.9460479276482,1.01757708493135,501,5409,0.000088,0.044156,,,KAGADI,Mabaale
30.9652084484875,1.03280719840105,502,5408,0.000012,0.019664,,,KAGADI,Mabaale
30.6798778095273,1.05102760821628,514,5306,0.000024,0.018921,,,KAGADI,Mpeefu
30.6899245703621,1.02864549731719,515,5305,0.000003,0.006739,,,KAGADI,Mpeefu
30.9810291925152,1.10146473812296,500,5410,0.000028,0.022369,,,KAGADI,Paacwa
30.7780707849915,1.06161715396498,511,5309,0.000016,0.019778,,,KAGADI,Rugashari
30.3316881445252,-0.278454230039912,489,5601,0.000025,0.021308,3,1,BUHWEJU,Bihanga
30.1842011676339,-0.448543937798365,709,3401,0.000010,0.012803,1,1,BUSHENYI,Bitooma
30.4925746742238,-0.313374076763662,488,5602,0.000087,0.038199,3,1,BUHWEJU,Bitsya
30.4910936980859,-0.17453511524374,1032,108,0.000002,0.007511,1,1,IBANDA,Bufunda Division
30.5273441890952,-0.401099395931892,568,4802,0.000013,0.018093,,,MBARARA,Bukiro
30.2591662196876,-0.388203481068477,486,5604,0.000124,0.046250,3,1,BUHWEJU,Burere
30.3281692859675,-0.402180508087303,487,5603,0.000060,0.034283,3,1,BUHWEJU,Burere
30.3383594640972,-0.3074394506166,485,5605,0.000042,0.027728,3,1,BUHWEJU,Engaju
30.4820928669271,-0.089371419016163,1030,110,0.000020,0.027241,1,1,IBANDA,Kagango Division
30.465447927538,-0.13781843579754,1031,109,0.000005,0.013983,1,1,IBANDA,Kagango Division
30.5741652329772,-0.26158853107102,566,4804,0.000026,0.027054,,,MBARARA,Kagongi
30.5181928555011,-0.284734978581484,567,4803,0.000029,0.023386,,,MBARARA,Kagongi
30.1924021827532,-0.450988994364047,707,3403,0.000034,0.028463,1,1,BUSHENYI,Kakanju
30.2047214268362,-0.455593697902172,708,3402,0.000015,0.014505,1,1,BUSHENYI,Kakanju
30.4973560236792,-0.384371162668535,483,5607,0.000082,0.036688,3,1,BUHWEJU,Karungu
30.4641915672869,-0.363422307261567,484,5606,0.000011,0.017026,3,1,BUHWEJU,Karungu
30.1472500955947,-0.240287282199019,896,1504,0.000022,0.018746,1,1,RUBIRIZI,Katanda
30.1442988362789,-0.22699140537618,897,1503,0.000020,0.016975,1,1,RUBIRIZI,Katanda
30.1806028353917,-0.239871628888037,898,1502,0.000024,0.020948,1,1,RUBIRIZI,Katanda
30.2202846717613,-0.194028477928456,895,1505,0.000026,0.022488,1,1,RUBIRIZI,Katerera
30.164797273404,-0.199828560472304,893,1507,0.000037,0.023788,1,1,RUBIRIZI,Katerera Town Council
30.1680771311192,-0.195628030290868,894,1506,0.000004,0.010320,1,1,RUBIRIZI,Katerera Town Council
30.2456342426029,-0.160653209137028,890,1510,0.000012,0.015899,1,1,RUBIRIZI,Kyabakara
30.2220544268647,-0.168899580550623,891,1509,0.000021,0.017402,1,1,RUBIRIZI,Kyabakara
30.2838962743082,-0.484627980318574,695,3505,0.000016,0.016378,4,2,BUSHENYI,Kyabugimbi
30.2957948048867,-0.477390787027763,696,3504,0.000011,0.015997,4,2,BUSHENYI,Kyabugimbi
30.3310575593454,-0.465709523120401,919,1301,0.000043,0.025685,,,SHEEMA,Kyangyenyi
30.1123150521123,-0.278606091763823,903,1407,0.000018,0.017491,2,2,RUBIRIZI,Magambo
30.1488784205188,-0.252591705870791,904,1406,0.000041,0.026677,2,2,RUBIRIZI,Magambo
30.1228434855522,-0.246982969006382,905,1405,0.000014,0.016106,2,2,RUBIRIZI,Magambo
30.4595652439042,-0.485572155946827,918,1302,0.000036,0.027106,,,SHEEMA,Masheruka
30.451073616886,-0.460007132398515,917,1303,0.000038,0.031907,,,SHEEMA,Masheruka Twon Council
30.3340191827122,-0.384291083055433,482,5608,0.000038,0.024944,3,1,BUHWEJU,Nyakishana
30.5190799771854,-0.343341121708283,562,4808,0.000017,0.017933,,,MBARARA,Rubindi
30.5511501440503,-0.323191124557491,563,4807,0.000042,0.030441,,,MBARARA,Rubindi
30.2413494971944,-0.443802013183109,690,3510,0.000030,0.026031,4,2,BUSHENYI,Ruhumuro
30.2366572741622,-0.47806001414151,691,3509,0.000018,0.024992,4,2,BUSHENYI,Ruhumuro
30.4196457270584,-0.262791622736408,1035,105,0.000021,0.018612,1,1,IBANDA,Rukiri
30.5920220443033,-0.411090195075034,560,4810,0.000018,0.019924,,,MBARARA,Rwanyamahembe
30.5778914941433,-0.495617928562224,561,4809,0.000037,0.026945,,,MBARARA,Rwanyamahembe
30.4511231441295,-0.40404761922713,480,5610,0.000022,0.019524,3,1,BUHWEJU,Rwengwe
30.4056365273809,-0.338709916126472,481,5609,0.000029,0.024216,3,1,BUHWEJU,Rwengwe
31.7087176238741,1.68974252354865,800,2410,0.000010,0.018073,1,1,MASINDI,Central Division
31.7016686782941,1.68636071309272,801,2409,0.000015,0.017681,1,1,MASINDI,Central Division
31.7364822815273,1.68403424358681,802,2408,0.000032,0.022718,1,1,MASINDI,Central Division
31.7229169772013,1.6723526710011,803,2407,0.000007,0.010719,1,1,MASINDI,Central Division
31.7144261070026,1.68425067037158,804,2406,0.000015,0.016489,1,1,MASINDI,Central Division
31.7676371501498,1.73356246114687,809,2401,0.000083,0.043319,1,1,MASINDI,Kigulya Division
31.7711804237871,1.47353161937367,819,2301,0.000004,0.009570,1,1,MASINDI,Kimengo
31.7245887971632,1.66201081567494,805,2405,0.000040,0.025450,1,1,MASINDI,Nyangahya Division
31.5251616712416,2.15169001260087,1007,403,0.000030,0.027392,4,2,BULIISA,Buliisa
31.5022702095284,2.06572048529765,1008,402,0.000048,0.031662,4,2,BULIISA,Buliisa
31.8886360514037,1.84746925462744,957,903,0.000094,0.038554,2,2,KIRYANDONGO,Kigumba
31.9588229684498,1.87932933708259,958,902,0.000139,0.045859,2,2,KIRYANDONGO,Kigumba
32.045580444997,1.91598865311292,953,907,0.000190,0.054733,2,2,KIRYANDONGO,Kiryandongo
32.0975469088293,1.80721565528978,954,906,0.000211,0.063145,2,2,KIRYANDONGO,Kiryandongo
32.1714892377445,1.98342994140081,955,905,0.000016,0.015644,2,2,KIRYANDONGO,Kiryandongo
31.843670596433,1.76891332522543,817,2303,0.000204,0.073196,1,1,MASINDI,Miirya
31.8194481075959,1.63840426883183,818,2302,0.000038,0.027693,1,1,MASINDI,Miirya
31.4587528091353,2.19828530312093,1000,410,0.000177,0.074990,4,2,BULIISA,Ngwedo
31.5298152014044,2.24243581424662,1001,409,0.000194,0.055367,4,2,BULIISA,Ngwedo
29.9980046402216,-0.540641277119614,969,801,0.000021,0.023003,3,1,MITOOMA,Bitereko
29.8809660465121,-0.709336259473332,640,4010,0.000023,0.021784,4,2,RUKUNGIRI,Bugangari
29.880969163029,-0.65741502537272,641,4009,0.000183,0.061616,4,2,RUKUNGIRI,Bugangari
29.9588683995621,-0.743795590790244,638,4102,0.000063,0.034226,4,2,RUKUNGIRI,Buhunga
29.9778935825087,-0.722809283485742,639,4101,0.000032,0.024037,4,2,RUKUNGIRI,Buhunga
29.9797248514157,-0.836233935299038,648,4002,0.000042,0.025399,1,1,RUKUNGIRI,Buyanja
29.9229036126073,-0.847251553755092,649,4001,0.000052,0.029494,1,1,RUKUNGIRI,Buyanja
29.9707217607914,-0.817749316264924,642,4008,0.000039,0.026587,1,1,RUKUNGIRI,Buyanja Town Council
29.8607711855746,-0.605288227518935,636,4104,0.000039,0.035370,4,2,RUKUNGIRI,Bwambara
29.774867982029,-0.606887337653304,637,4103,0.000053,0.031721,4,2,RUKUNGIRI,Bwambara
30.0692444876587,-0.863855525435735,868,1802,0.000096,0.054217,1,1,NTUNGAMO,Bwongyera
30.0886062062758,-0.819086960957506,869,1801,0.000026,0.029708,1,1,NTUNGAMO,Bwongyera
29.9452694349324,-0.806892907870139,630,4110,0.000005,0.008937,4,2,RUKUNGIRI,Eastern Divison
30.0334975949158,-0.689854246924376,968,802,0.000016,0.017498,3,1,MITOOMA,Kabira
29.8181024166308,-0.805933435947282,588,4602,0.000036,0.031936,1,1,KANUNGU,Kambuga
29.791929993003,-0.859121189771509,589,4601,0.000026,0.021098,1,1,KANUNGU,Kambuga
29.7668603577567,-0.916701248056441,587,4603,0.000026,0.023077,1,1,KANUNGU,Kanungu Town Council
29.947162778142,-0.631868885391321,967,803,0.000014,0.015041,3,1,MITOOMA,Kanyabwanga
29.6929626947603,-0.804299007782525,586,4604,0.000080,0.049367,1,1,KANUNGU,Kanyantorogo
30.0154462235181,-0.634376065695422,966,804,0.000013,0.015305,3,1,MITOOMA,Kashenshero
30.0849680416784,-0.596381536775836,965,805,0.000025,0.023826,3,1,MITOOMA,Katenga
29.7595272208666,-0.781364713543829,585,4605,0.000015,0.019153,1,1,KANUNGU,Katete
30.0205036426933,-0.803822491117685,647,4003,0.000024,0.021959,1,1,RUKUNGIRI,Kebisoni
30.0818550671048,-0.268658687566422,906,1404,0.000013,0.016540,2,2,RUBIRIZI,Kichwamba
30.1115566504702,-0.209232036198713,907,1403,0.000010,0.018197,2,2,RUBIRIZI,Kichwamba
30.0903673362839,-0.244808000202427,908,1402,0.000008,0.012812,2,2,RUBIRIZI,Kichwamba
29.7023256553092,-0.698863317555444,576,4704,0.000059,0.033819,1,1,KANUNGU,Kihihi
29.7127433719105,-0.652725785909072,577,4703,0.000064,0.032217,1,1,KANUNGU,Kihihi
29.6763902520686,-0.734851939829794,574,4706,0.000094,0.038374,1,1,KANUNGU,Kihiihi Town Council
29.7010356368807,-0.749305168577906,575,4705,0.000001,0.003600,1,1,KANUNGU,Kihiihi Town Council
29.7031539814152,-0.870668718463391,583,4607,0.000040,0.026676,1,1,KANUNGU,Kirima
29.9413111565468,-0.523180811679518,964,806,0.000058,0.032121,3,1,MITOOMA,Kiyanga
30.0971984371411,-0.450453107494593,705,3405,0.000025,0.020473,1,1,BUSHENYI,Kyamuhunga
30.1348814108442,-0.385577553879917,706,3404,0.000020,0.023453,1,1,BUSHENYI,Kyamuhunga
30.0493015909299,-0.736439366875474,963,807,0.000063,0.032465,3,1,MITOOMA,Mayanga
30.0337881712126,-0.55551845517046,962,808,0.000037,0.026680,3,1,MITOOMA,Mitooma
30.0908359971195,-0.53290528178144,702,3408,0.000019,0.018576,1,1,BUSHENYI,Nyabubare
30.1035395670935,-0.594593218062728,703,3407,0.000014,0.018738,1,1,BUSHENYI,Nyabubare
30.1219468408297,-0.520782671955308,704,3406,0.000010,0.021563,1,1,BUSHENYI,Nyabubare
29.9000255875223,-0.743985614150557,634,4106,0.000017,0.017316,4,2,RUKUNGIRI,Nyakagyeme
29.8596489578817,-0.803922164269231,635,4105,0.000040,0.026188,4,2,RUKUNGIRI,Nyakagyeme
29.774243870835,-0.740282676211238,571,4709,0.000078,0.034422,1,1,KANUNGU,Nyamirama
29.7470967324543,-0.711905303830956,572,4708,0.000048,0.074319,1,1,KANUNGU,Nyamirama
29.8172236968849,-0.874941407032403,581,4609,0.000030,0.021184,1,1,KANUNGU,Rugyeyo
29.8360872958089,-0.86820318108041,582,4608,0.000012,0.016874,1,1,KANUNGU,Rugyeyo
29.957642485819,-0.720144208605101,631,4109,0.000014,0.016972,4,2,RUKUNGIRI,Ruhinda
29.9305540289152,-0.702728875127086,632,4108,0.000030,0.023104,4,2,RUKUNGIRI,Ruhinda
29.9948577216814,-0.710596870379683,960,810,0.000026,0.019932,3,1,MITOOMA,Rurehe
30.1213802676699,-0.328790626523088,900,1410,0.000021,0.022727,2,2,RUBIRIZI,Rutoto
30.0938878608836,-0.345071181904665,901,1409,0.000023,0.024157,2,2,RUBIRIZI,Rutoto
30.1193072882449,-0.362528958223493,902,1408,0.000024,0.031489,2,2,RUBIRIZI,Rutoto
29.8310746333,-0.787741545786504,633,4107,0.000026,0.021545,4,2,RUKUNGIRI,Rwerere Town Council
29.9265178256016,-0.79380118803087,626,4204,0.000007,0.012727,4,2,RUKUNGIRI,Southern Division
29.9240719703194,-0.798608662072267,627,4203,0.000013,0.015894,4,2,RUKUNGIRI,Southern Division
29.9311934952142,-0.820353962545295,628,4202,0.000021,0.020454,4,2,RUKUNGIRI,Southern Division
29.9242787945899,-0.828839745255822,629,4201,0.000040,0.026493,4,2,RUKUNGIRI,Southern Division
29.9202428730661,-0.774641785483208,620,4210,0.000026,0.020506,4,2,RUKUNGIRI,Western Division
29.9150399887702,-0.781937271602097,621,4209,0.000029,0.025114,4,2,RUKUNGIRI,Western Division
29.9085420719162,-0.769874888159936,622,4208,0.000011,0.014617,4,2,RUKUNGIRI,Western Division
29.9225797796847,-0.786095831648401,623,4207,0.000010,0.013883,4,2,RUKUNGIRI,Western Division
29.9166122528763,-0.792439248194364,624,4206,0.000002,0.009310,4,2,RUKUNGIRI,Western Division
29.9357170646086,-0.741660168936603,625,4205,0.000042,0.034320,4,2,RUKUNGIRI,Western Division
31.1292177261742,-0.812285342762245,999,501,0.000027,0.026580,3,1,ISINGIRO,Endiinzi
31.1530782257072,-0.828019089395443,990,510,0.000104,0.039037,3,1,ISINGIRO,Endiinzi Town Council
30.7680936712913,-0.864684538990952,986,604,0.000007,0.018864,2,2,ISINGIRO,Isingiro Town Council
30.8187917206916,-0.794619961802749,987,603,0.000010,0.012748,2,2,ISINGIRO,Isingiro Town Council
30.8592040322806,-0.710849905841722,984,606,0.000123,0.046496,2,2,ISINGIRO,Kabingo
30.8224305763194,-0.967395103575986,995,505,0.000072,0.036176,3,1,ISINGIRO,Kakamba
30.97860916452,-0.993841927314355,998,502,0.000038,0.029736,3,1,ISINGIRO,Kashumba
30.6453601101481,-0.938832106909039,974,706,0.000045,0.027435,1,1,ISINGIRO,Kikagate
30.6413731812903,-0.987411304322055,975,705,0.000014,0.020577,1,1,ISINGIRO,Kikagate
30.638232884856,-1.012614024086,976,704,0.000065,0.033175,1,1,ISINGIRO,Kikagate
30.7453728719235,-0.939328364687865,977,703,0.000068,0.037444,2,2,ISINGIRO,Kikagate
30.7473095287377,-0.672672054427205,982,608,0.000075,0.037753,2,2,ISINGIRO,Masha
30.6960116364463,-0.632296040636972,983,607,0.000095,0.042498,2,2,ISINGIRO,Masha
31.0406907627524,-0.942910188602448,996,504,0.000540,0.097321,3,1,ISINGIRO,Mbaare
31.0745710315889,-0.865974156977038,997,503,0.000051,0.029328,3,1,ISINGIRO,Mbaare
30.7879306466897,-0.93777144897579,994,506,0.000068,0.041812,3,1,ISINGIRO,Ngarama
31.0816002949483,-0.627945383485017,931,1109,0.000018,0.033640,1,1,KIRUHURA,Nyakashashara
30.6816176968101,-0.863523485069702,971,709,0.000034,0.023537,1,1,ISINGIRO,Nyakitunda
30.7149348260887,-0.838687040187028,972,708,0.000009,0.023560,1,1,ISINGIRO,Nyakitunda
30.671336490199,-0.906052205340229,973,707,0.000008,0.014861,1,1,ISINGIRO,Nyakitunda
31.0355986659977,-0.78166105257289,992,508,0.000081,0.053820,3,1,ISINGIRO,Rugaaga
31.0178044942149,-0.856883811053574,993,507,0.000194,0.065331,3,1,ISINGIRO,Rugaaga
31.0675040539467,-0.70725907549614,991,509,0.000160,0.060163,3,1,ISINGIRO,Rushasha
33.9847352813817,1.378415862824,199,8501,0.000120,0.045399,2,2,KUMI,Atutur
34.0764212345941,1.36981617706345,49,10001,0.000063,0.031237,2,2,BUKEDEA,Bukedea
34.0419464754771,1.35278153195736,48,10002,0.000017,0.016748,2,2,BUKEDEA,Bukedea Town Council
34.4207374936807,1.45423876220934,95,9505,0.000128,0.048624,1,1,BULAMBULI,Bunambutye
33.935477832666,1.38603999584489,198,8502,0.000104,0.038802,2,2,KUMI,Kanyum
34.0291019252796,1.24846894076205,44,10006,0.000095,0.070243,2,2,BUKEDEA,Kidongole
33.914996510417,1.61503639703798,197,8503,0.000143,0.049519,2,2,KUMI,Kumi
34.0633526431356,1.43952563915569,40,10010,0.000122,0.045137,2,2,BUKEDEA,Malera
34.1005867092535,1.37470379637787,41,10009,0.000092,0.039110,2,2,BUKEDEA,Malera
33.8514065027806,1.30538431880499,195,8505,0.000157,0.053090,2,2,KUMI,Mukongoro
33.7730087010604,1.33464392882799,196,8504,0.000056,0.030782,2,2,KUMI,Mukongoro
33.9134502347906,1.50958373169908,191,8509,0.000081,0.049871,2,2,KUMI,Northern Divison
33.993016284547,1.48348997548629,192,8508,0.000094,0.037030,2,2,KUMI,Ongino
34.0006812390163,1.60999831634073,193,8507,0.000094,0.039792,2,2,KUMI,Ongino
33.9799831138126,1.486852433271,190,8510,0.000123,0.057745,2,2,KUMI,Southern Division
30.0828167303715,0.316635346887087,777,2703,0.000039,0.024413,,,KASESE,Bugoye
30.0946611438827,0.269393922858561,778,2702,0.000013,0.023882,,,KASESE,Bugoye
30.0740625735593,0.302416464972427,779,2701,0.000022,0.024517,,,KASESE,Bugoye
30.0155928348713,0.192747369834487,760,2810,0.000002,0.010401,,,KASESE,Bulembia Division
29.7786261947952,0.035276814673207,799,2501,0.000014,0.014709,,,KASESE,Bwera
30.0834558029173,0.156217887633011,757,2903,0.000006,0.009727,,,KASESE,Central Division
30.0877603131143,0.167507427127526,758,2902,0.000027,0.023878,,,KASESE,Central Division
30.074074103815,0.158822849090335,759,2901,0.000003,0.009147,,,KASESE,Central Division
29.7575728478111,0.015742437284747,798,2502,0.000018,0.017180,,,KASESE,Isango
29.7335946522527,0.059797039968466,797,2503,0.000006,0.011332,,,KASESE,Karambi
29.8958187570186,-0.209992132932145,909,1401,0.000001,0.004748,2,2,RUBIRIZI,Katunguru
30.0217265814272,0.179909920537299,774,2706,0.000011,0.013328,,,KASESE,Kilembe
29.8857940770056,0.047951201519851,782,2608,0.000022,0.029632,,,KASESE,Kisinga Town Council
29.8947400778831,0.010085473898046,796,2504,0.000006,0.010832,,,KASESE,Kisinga Town Council
29.7392608385412,0.097737652084758,795,2505,0.000013,0.019019,,,KASESE,Kitholhu
29.9491316125833,0.108216849055415,788,2602,0.000021,0.021259,,,KASESE,Kyarumba
29.9243472196004,0.157053169624283,789,2601,0.000058,0.033771,,,KASESE,Kyarumba
29.9141343754858,0.09148589661303,787,2603,0.000027,0.024759,,,KASESE,Kyondo
29.983535740142,0.055655851632725,780,2610,0.000060,0.030877,,,KASESE,Lake Katwe
29.939839894666,0.022422763265225,781,2609,0.000013,0.039635,,,KASESE,Lake Katwe
29.9806408296255,0.153828966661934,785,2605,0.000039,0.028035,,,KASESE,Mahango
30.0250290649,0.1573829800768,786,2604,0.000017,0.020372,,,KASESE,Mahango
29.7705087162786,0.026913513554178,792,2508,0.000010,0.013556,,,KASESE,Mpondwe-Lhubiriha
29.7460281223159,0.024408402704809,793,2507,0.000010,0.013255,,,KASESE,Mpondwe-Lhubiriha
29.7629869951955,0.039062029708777,794,2506,0.000003,0.009922,,,KASESE,Mpondwe-Lhubiriha
30.0464970111707,0.086915848950178,772,2708,0.000014,0.023685,,,KASESE,Muhokya
30.0510929118844,0.053438759944849,773,2707,0.000002,0.007923,,,KASESE,Muhokya
29.837120286639,0.016908378121308,784,2606,0.000027,0.028965,,,KASESE,Munkunyu
29.8297018553336,-0.011583160228794,783,2607,0.000040,0.026126,,,KASESE,Nyakatonzi
29.8110454871697,0.042703165754742,790,2510,0.000022,0.018693,,,KASESE,Nyakiyumbu
29.7848852404781,0.008544883265969,791,2509,0.000007,0.011505,,,KASESE,Nyakiyumbu
30.0332061166539,0.169093190853783,770,2710,0.000020,0.025648,,,KASESE,Rukoki
30.0565052409891,0.230480826692886,771,2709,0.000018,0.017062,,,KASESE,Rukoki
33.8878912238361,0.247836145433655,358,6902,0.000013,0.014858,1,1,NAMAYINGO,Banda
33.8562563906393,0.273709975605838,359,6901,0.000059,0.033744,1,1,NAMAYINGO,Banda
33.6926299666354,0.268102615274572,357,6903,0.000003,0.007471,1,1,NAMAYINGO,Buhemba
33.6222688916191,0.368957009268538,127,9203,0.000014,0.014840,2,2,MAYUGE,Bukabooli
33.6397578616359,0.367926245591156,128,9202,0.000051,0.027403,2,2,MAYUGE,Bukabooli
33.6265524657072,0.331777184161791,129,9201,0.000012,0.014465,2,2,MAYUGE,Bukabooli
33.9593057016678,0.50640994487863,264,7806,0.000066,0.033447,1,1,BUSIA,Bulumbi
34.0174814313102,0.491626809024282,268,7802,0.000036,0.023790,4,2,BUSIA,Bulumbi
33.9136666024977,0.278602600825943,267,7803,0.000062,0.032810,1,1,BUSIA,Busime
33.9125694896477,0.4012266175357,356,6904,0.000069,0.031786,1,1,NAMAYINGO,Buswale
33.8411347866917,0.329166279239675,355,6905,0.000072,0.033818,1,1,NAMAYINGO,Buyinja
34.0019726084319,0.301925709135815,261,7809,0.000018,0.017819,1,1,BUSIA,Lumino
33.9600716407022,0.323152492078356,260,7810,0.000040,0.025197,1,1,BUSIA,Lunyo
33.9908655481104,0.250648165217172,259,7901,0.000013,0.014505,1,1,BUSIA,Majanji
33.964762812741,0.373504678901645,257,7903,0.000046,0.027535,1,1,BUSIA,Masaba
33.9984999012861,0.373955792124389,258,7902,0.000024,0.023405,2,2,BUSIA,Masaba
34.029700986416,0.425305392120079,254,7906,0.000069,0.032618,1,1,BUSIA,Masafu
34.0274297362258,0.407979710179249,255,7905,0.000014,0.017124,1,1,BUSIA,Masafu
33.9756134313687,0.422596235530307,256,7904,0.000015,0.021395,1,1,BUSIA,Masafu
33.8095497373895,0.236995072269289,352,6908,0.000068,0.034253,1,1,NAMAYINGO,Mutumba
33.7360907973751,0.225701093515277,353,6907,0.000021,0.020067,1,1,NAMAYINGO,Mutumba
33.8474674299375,0.278978396894657,354,6906,0.000086,0.042145,1,1,NAMAYINGO,Mutumba
33.8767222058762,0.333672755872807,350,6910,0.000032,0.023163,2,2,NAMAYINGO,Namayingo Town Council
33.8801703881341,0.344344009910977,351,6909,0.000006,0.009959,1,1,NAMAYINGO,Namayingo Town Council
34.5243196997423,1.40675875686156,148,9002,0.000005,0.011979,3,1,KWEEN,Binyiny
34.4523854250095,1.40070101005911,153,8907,0.000002,0.005717,2,2,KAPCHORWA,Central Division
34.3611579874878,1.30300852113816,158,8902,0.000007,0.011266,2,2,KAPCHORWA,Gamogo
34.3726014011575,1.33755318951799,157,8903,0.000015,0.015785,2,2,KAPCHORWA,Kapsinda
34.5069417599579,1.3948749811203,147,9003,0.000020,0.017731,3,1,KWEEN,Kaptoyoy
34.5833528103419,1.41734774179888,146,9004,0.000003,0.007266,3,1,KWEEN,Kaptum
34.3388981825856,1.31733114188406,156,8904,0.000004,0.009193,2,2,KAPCHORWA,Kaserem
34.346677243863,1.34607688755473,155,8905,0.000008,0.012190,2,2,KAPCHORWA,Kawowo
34.5520441350778,1.35270430512606,144,9006,0.000021,0.020530,3,1,KWEEN,Kitawoi
34.4463917524168,1.49821459460502,140,9010,0.000005,0.009001,3,1,KWEEN,Ngenge
34.5289541677498,1.57171472534007,141,9009,0.000005,0.009902,3,1,KWEEN,Ngenge
33.5277069141229,1.05717197010721,107,9403,0.000039,0.029144,2,2,KALIRO,Bumanya
33.5629595282363,1.02977576254973,102,9408,0.000016,0.020092,2,2,KALIRO,Buyinda
33.500196385946,1.16630055574312,106,9404,0.000014,0.016805,2,2,KALIRO,Gadumire
33.4942137826525,0.907453038153514,105,9405,0.000071,0.035819,2,2,KALIRO,Kaliro Town Council
33.4900001996118,0.921358276224296,104,9406,0.000053,0.031811,2,2,KALIRO,Kasokwe
33.4434661879659,0.752484816815584,226,8204,0.000019,0.020010,2,2,IGANGA,Nabitende
33.4063476973943,0.768925610209303,227,8203,0.000053,0.038759,2,2,IGANGA,Nabitende
33.4779719754948,0.88036718169916,103,9407,0.000010,0.014903,2,2,KALIRO,Namugongo
33.4391988514269,0.85644669542662,212,8308,0.000111,0.053674,2,2,IGANGA,Nawandala
33.3892547998028,0.803740991427429,213,8307,0.000091,0.046584,2,2,IGANGA,Nawandala
31.393960704758,2.17979838950501,1003,407,0.000008,0.013766,4,2,BULIISA,Kigwera
34.1587297646909,1.05984147465211,69,9801,0.000013,0.016952,1,1,MBALE,Bukasakya
34.2027599728333,1.0718752839836,51,9909,0.000016,0.020313,1,1,MBALE,Bungokho Mutoto
34.2172818037086,1.04798005348353,64,9806,0.000014,0.014849,1,1,MBALE,Bungokho Mutoto
34.3471422943699,1.051586372632,13,10307,0.000002,0.007434,2,2,BUDUDA,Nangako Town Council
34.247411272617,1.05437503016204,70,9710,0.000015,0.015528,2,2,MBALE,Wanale
34.2044125130253,1.06197477832136,50,9910,0.000008,0.011252,1,1,MBALE,Wanale Division
33.3732082066274,0.554171635967498,138,9102,0.000015,0.016119,1,1,MAYUGE,Baitambogwe
33.3707755343698,0.50822600961067,139,9101,0.000048,0.028152,1,1,MAYUGE,Baitambogwe
33.3845459326433,0.4504870146575,135,9105,0.000123,0.056470,1,1,MAYUGE,Bukatube
33.414447638646,0.401961044420214,136,9104,0.000036,0.025539,1,1,MAYUGE,Bukatube
33.3684227672872,0.362863148788453,137,9103,0.000002,0.006603,1,1,MAYUGE,Bukatube
33.4391244792931,0.584329396758099,228,8202,0.000029,0.022645,1,1,IGANGA,Bulamogi
33.4263080986608,0.589962704944778,229,8201,0.000030,0.022824,1,1,IGANGA,Bulamogi
33.525169805268,0.402154568053061,119,9301,0.000088,0.050566,4,2,MAYUGE,Busakira
33.3248334105284,0.638195279945128,326,7204,0.000025,0.024610,2,2,JINJA,Busedde
33.3222994900336,0.603481146418603,327,7203,0.000063,0.033654,2,2,JINJA,Busedde
33.4716487096542,0.611153453532275,235,8105,0.000001,0.004734,1,1,IGANGA,Central Division
33.4814762854777,0.614518479208593,236,8104,0.000002,0.006052,1,1,IGANGA,Central Division
33.4785880580264,0.612403447027576,237,8103,0.000002,0.006859,1,1,IGANGA,Central Division
33.4813506250742,0.602695145502318,238,8102,0.000005,0.010562,1,1,IGANGA,Central Division
33.4740836564898,0.604239327455211,239,8101,0.000004,0.009440,1,1,IGANGA,Central Division
33.4840949718185,0.414518683475782,134,9106,0.000051,0.029727,1,1,MAYUGE,Imanyiro
33.2669162886015,0.467022105809294,324,7206,0.000019,0.017274,2,2,JINJA,Kakira Town Council
33.2617620431049,0.507065622270321,325,7205,0.000016,0.026356,2,2,JINJA,Kakira Town Council
33.5051558281278,0.322537830608456,116,9304,0.000025,0.020265,4,2,MAYUGE,Kityerera
33.5188675518332,0.313143479991288,117,9303,0.000020,0.034152,4,2,MAYUGE,Kityerera
33.350577456233,0.530440424763239,130,9110,0.000029,0.028618,1,1,MAYUGE,Magamaga Town Council
33.4132735357222,0.281711234863425,110,9310,0.000011,0.031702,4,2,MAYUGE,Malongo
33.4889374606565,0.223792449922553,111,9309,0.000026,0.029257,4,2,MAYUGE,Malongo
33.5642673317132,0.173368646511315,112,9308,0.000001,0.003178,4,2,MAYUGE,Malongo
33.590088154743,0.236549897147303,113,9307,0.000016,0.019397,4,2,MAYUGE,Malongo
33.6055273639007,0.297657053205004,114,9306,0.000020,0.030691,4,2,MAYUGE,Malongo
33.4467114547201,0.228815489844877,115,9305,0.000004,0.007682,4,2,MAYUGE,Malongo
33.533692418759,0.28517895280178,118,9302,0.000006,0.010115,4,2,MAYUGE,Malongo
33.4750749356852,0.45848857758658,132,9108,0.000016,0.017529,4,2,MAYUGE,Mayuge Town Council
33.4863045072468,0.455103536121215,133,9107,0.000002,0.006512,1,1,MAYUGE,Mayuge Town Council
33.2182523422758,0.432339074064342,310,7310,0.000024,0.018767,1,1,JINJA,Mpumudde Division
33.2271825051475,0.441852992394489,311,7309,0.000003,0.007518,1,1,JINJA,Mpumudde Division
33.2308054277045,0.449676875241741,312,7308,0.000001,0.004296,1,1,JINJA,Mpumudde Division
33.227242362092,0.45031062722334,313,7307,0.000005,0.012072,1,1,JINJA,Mpumudde Division
33.2391745689572,0.437494452242669,314,7306,0.000000,0.002373,1,1,JINJA,Mpumudde Division
33.217873601471,0.456769152544175,315,7305,0.000002,0.005246,1,1,JINJA,Mpumudde Division
33.2066235148877,0.460399582599694,316,7304,0.000007,0.012447,1,1,JINJA,Mpumudde Division
33.477576405251,0.618169324229109,230,8110,0.000002,0.006891,1,1,IGANGA,Northern Division
33.4743676757876,0.618631154738084,231,8109,0.000001,0.004217,1,1,IGANGA,Northern Division
33.4826436221305,0.624905758294304,232,8108,0.000001,0.004741,1,1,IGANGA,Northern Division
33.4692351595736,0.61779043289804,233,8107,0.000005,0.012308,1,1,IGANGA,Northern Division
33.4754163500629,0.622166272199907,234,8106,0.000001,0.005844,1,1,IGANGA,Northern Division
33.4093502458071,0.568227678942602,200,8410,0.000009,0.012303,1,1,LUUKA,Waibuga
33.4045944381673,0.638202698489727,201,8409,0.000057,0.028952,1,1,LUUKA,Waibuga
33.3272534121212,0.486504150515527,131,9109,0.000037,0.024618,1,1,MAYUGE,Wairasa
30.3001999897588,0.624589790679108,669,3801,0.000017,0.018286,2,2,KABAROLE,Busoro
30.2871326450996,0.626136013754992,657,3903,0.000015,0.019492,4,2,KABAROLE,Eastern Division
30.3014442246991,0.649333929889704,658,3902,0.000003,0.007062,4,2,KABAROLE,Eastern Division
30.2909780805511,0.656339489355815,659,3901,0.000009,0.013068,4,2,KABAROLE,Eastern Division
30.2396259199103,0.674267714373372,666,3804,0.000017,0.017699,2,2,KABAROLE,Karambi
30.2703377233766,0.4154069119718,664,3806,0.000020,0.019669,2,2,KABAROLE,Kasenda
30.3303375016875,0.596669470640717,662,3808,0.000108,0.051904,2,2,KABAROLE,Kiko Town Council
30.1696026102268,0.353423974224512,766,2804,0.000044,0.026637,,,KASESE,Kitswamba
30.1995445996469,0.354037301800361,765,2805,0.000001,0.005130,,,KASESE,Rugendabara
30.2529937848289,0.395693669905284,673,3707,0.000085,0.036725,3,1,BUNYANGABU,Rwimi
30.2576361765317,0.623999043716824,654,3906,0.000003,0.006923,3,1,KABAROLE,Southern Division
30.2662287324103,0.64678327264765,655,3905,0.000006,0.011808,4,2,KABAROLE,Southern Division
30.2692417886258,0.643716065995401,656,3904,0.000005,0.009077,4,2,KABAROLE,Southern Division
30.1397114648254,-0.198537116265348,892,1508,0.000022,0.018306,1,1,RUBIRIZI,Kirugu
30.1235339590149,-0.406565556331554,700,3410,0.000176,0.061844,1,1,BUSHENYI,Kyamuhunga Town Council
30.1129826695537,-0.454691154471967,701,3409,0.000010,0.012286,1,1,BUSHENYI,Kyamuhunga Town Council
30.2632168954123,-0.068677172772299,875,1705,0.000066,0.036785,3,1,KITAGWENDA,Mahyoro
30.2244433212601,-0.101439804430662,876,1704,0.000053,0.035433,3,1,KITAGWENDA,Mahyoro
30.0877032533559,-0.304077668914652,899,1501,0.000012,0.015569,2,2,RUBIRIZI,Ryeru
30.6286900974192,0.252919262271167,881,1609,0.000064,0.036722,1,1,KAMWENGE,Bihanga
30.5841381092867,0.184345237284098,882,1608,0.000074,0.034309,1,1,KAMWENGE,Bihanga
30.4420648286497,0.696330186015546,607,4403,0.000018,0.021050,1,1,KYENJOJO,Bugaaki
30.4717022803587,0.397462090159333,888,1602,0.000022,0.024670,1,1,KAMWENGE,Busiriba
30.5016423428675,0.633492214515647,599,4501,0.000057,0.034603,2,2,KYENJOJO,Butiiti
30.3521618527369,0.709700315741332,667,3803,0.000051,0.037202,2,2,KABAROLE,Hakibaale
30.1640261118372,0.273265020389963,767,2803,0.000161,0.067454,,,KASESE,Hima Town Council
30.4459702954339,0.26050173917044,885,1605,0.000006,0.010995,1,1,KAMWENGE,Kahunge
30.4025619380309,0.176795414143129,884,1606,0.000141,0.047726,1,1,KAMWENGE,Kamwenge
30.233903196907,0.932464794209047,612,4308,0.000031,0.024076,2,2,NTOROKO,Kibuuku Town Council
30.6036000350909,0.455522395366918,597,4503,0.000023,0.020783,2,2,KYENJOJO,Kigaraale
30.5805435461661,0.680515622608141,602,4408,0.000061,0.035873,1,1,KYENJOJO,Kyarusozi
30.5601201166183,0.836640007349232,603,4407,0.000024,0.033106,1,1,KYENJOJO,Kyarusozi
30.5213881178725,0.792567021652147,601,4409,0.000001,0.004800,1,1,KYENJOJO,Kyarusozi  Town Council
30.5989809966077,0.971051142577611,516,5304,0.000018,0.024720,,,KAGADI,Kyaterekera
30.4943083253505,0.891214204925779,668,3802,0.000049,0.043368,2,2,KABAROLE,Mabende
30.5247706025073,0.61810533559027,591,4509,0.000041,0.025382,2,2,KYENJOJO,Nyabuharwa
30.5092672474831,0.579105182479572,592,4508,0.000057,0.031739,2,2,KYENJOJO,Nyabuharwa
30.5969835606303,0.563348736621542,590,4510,0.000105,0.049640,2,2,KYENJOJO,Nyantungo
30.2696721436571,0.657413039971954,650,3910,0.000004,0.008054,3,1,KABAROLE,Western Division
30.2643602861002,0.656116119070031,651,3909,0.000005,0.009190,3,1,KABAROLE,Western Division
30.2598119167203,0.67896985185686,652,3908,0.000012,0.014742,3,1,KABAROLE,Western Division
30.2672735553859,0.667227338257579,653,3907,0.000004,0.011978,3,1,KABAROLE,Western Division
30.1997934847312,-0.574031673154163,699,3501,0.000023,0.022147,4,2,BUSHENYI,Bumbaire
30.1793180209274,-0.534963802893691,716,3304,0.000042,0.027554,4,2,BUSHENYI,Central Divison
30.1600095166418,-0.52973401034398,717,3303,0.000015,0.016085,4,2,BUSHENYI,Central Divison
30.1884418788094,-0.542841067626312,718,3302,0.000005,0.010500,4,2,BUSHENYI,Central Divison
30.1891261120229,-0.540179910716677,719,3301,0.000005,0.015270,4,2,BUSHENYI,Central Divison
30.135159586252,-0.61213185964729,697,3503,0.000020,0.024078,4,2,BUSHENYI,Ibaare
30.1344250856219,-0.623389889294743,698,3502,0.000044,0.030728,4,2,BUSHENYI,Ibaare
30.1419447870892,-0.543767862613593,712,3308,0.000008,0.012395,4,2,BUSHENYI,Ishaka Divison
30.1317955741083,-0.539959178935601,713,3307,0.000007,0.010121,4,2,BUSHENYI,Ishaka Divison
30.1406859537826,-0.536678961443367,714,3306,0.000008,0.015303,4,2,BUSHENYI,Ishaka Divison
30.1317839483827,-0.581686538522825,715,3305,0.000027,0.020234,4,2,BUSHENYI,Ishaka Divison
30.232071749482,-0.547038842265645,692,3508,0.000047,0.032445,4,2,BUSHENYI,Kyeizooba
30.2635006084079,-0.604767542008881,693,3507,0.000026,0.020517,4,2,BUSHENYI,Kyeizooba
30.2434636701902,-0.578473920044804,694,3506,0.000071,0.035134,4,2,BUSHENYI,Kyeizooba
30.219083610389,-0.546211682925391,710,3310,0.000006,0.010943,4,2,BUSHENYI,Nyakabirizi Division
30.2098673965701,-0.522453696848342,711,3309,0.000038,0.024149,4,2,BUSHENYI,Nyakabirizi Division
30.4005235660753,0.144150205407477,879,1701,0.000037,0.027217,3,1,KITAGWENDA,Kanara
30.1585915654157,0.243584491570333,775,2705,0.000024,0.029636,,,KASESE,Karusandara
30.1897563196323,0.237465351558553,776,2704,0.000030,0.029417,,,KASESE,Karusandara
30.1153737959148,0.222350235904627,750,2910,0.000002,0.017263,2,2,KASESE,Nyamwamba Division
30.0817311985294,0.18687166009496,751,2909,0.000002,0.008408,,,KASESE,Nyamwamba Division
30.0801730229816,0.188515539644296,752,2908,0.000004,0.009709,,,KASESE,Nyamwamba Division
30.089415144472,0.1871695747599,753,2907,0.000002,0.005427,,,KASESE,Nyamwamba Division
30.090334437796,0.186647801098786,754,2906,0.000002,0.006990,,,KASESE,Nyamwamba Division
30.0928687784311,0.174041636513796,755,2905,0.000004,0.009402,,,KASESE,Nyamwamba Division
30.0900098895049,0.176835678211503,756,2904,0.000001,0.004502,,,KASESE,Nyamwamba Division
33.159154461546,0.516514383171172,308,7402,0.000021,0.019936,1,1,JINJA,Budondo
33.1860612716974,0.507542929677961,309,7401,0.000069,0.034410,1,1,JINJA,Budondo
33.2413678265307,0.46896243490607,328,7202,0.000003,0.007718,2,2,JINJA,Bugembe Town Council
33.2381395847729,0.462823173579737,329,7201,0.000001,0.002903,2,2,JINJA,Bugembe Town Council
33.4170513168318,0.718499657852488,209,8401,0.000079,0.039407,1,1,LUUKA,Bukanga
33.1130154065831,0.573827617170344,305,7405,0.000012,0.019603,1,1,JINJA,Butagaya
33.1225802621151,0.608510134447405,306,7404,0.000011,0.014625,1,1,JINJA,Butagaya
33.1021077924224,0.643553955817498,307,7403,0.000003,0.013288,1,1,JINJA,Butagaya
33.1929077022052,0.617865410387196,303,7407,0.000027,0.030491,1,1,JINJA,Buwenge
33.1867601821941,0.603159718145089,304,7406,0.000075,0.037696,1,1,JINJA,Buwenge
33.1670702544823,0.647660629828261,302,7408,0.000001,0.005462,1,1,JINJA,Buwenge Town Council
33.2595866771554,0.65697835268376,300,7410,0.000034,0.027635,1,1,JINJA,Buyengo
33.2081654037475,0.673074255113549,301,7409,0.000005,0.012801,1,1,JINJA,Buyengo
33.2437352420056,0.471036373463752,320,7210,0.000002,0.005628,2,2,JINJA,Mafubira
33.2176683766445,0.532104002058793,321,7209,0.000039,0.027450,2,2,JINJA,Mafubira
33.2133680827803,0.476967695213285,322,7208,0.000003,0.007839,1,1,JINJA,Mafubira
33.2041822214291,0.485230403916634,323,7207,0.000017,0.018290,2,2,JINJA,Mafubira
33.1906425065634,0.451295592759076,317,7303,0.000001,0.003468,1,1,JINJA,Masese Walukuba
33.2782059284095,0.679605868230354,202,8408,0.000032,0.030762,1,1,LUUKA,Nawampiti
30.8162533079159,0.724132536344135,608,4402,0.000059,0.032054,1,1,KYENJOJO,Bufunjo
30.707880607926,0.971255251159498,518,5302,0.000008,0.015403,,,KAGADI,Bwikara
30.6845498027722,0.985330618077289,519,5301,0.000033,0.024048,,,KAGADI,Bwikara
30.9904263228381,1.01426010285246,509,5401,0.000022,0.021767,,,KAGADI,Kabamba
30.8481041481135,0.878700608005693,508,5402,0.000004,0.011204,,,KAGADI,Kagadi
30.7964803075378,0.95644421497962,507,5403,0.000054,0.031660,,,KAGADI,Kagadi  Town Council
30.698407253697,0.799172748158918,605,4405,0.000058,0.031576,1,1,KYENJOJO,Katooke
30.6705809517119,0.727986869447757,606,4404,0.000056,0.032717,1,1,KYENJOJO,Katooke
30.8691241575437,1.05084758668154,517,5303,0.000035,0.026956,,,KAGADI,Kyakabadiima
30.7211969366956,0.850899067102909,600,4410,0.000034,0.025122,1,1,KYENJOJO,Kyamutunzi Town Council
30.9398760986092,0.941746873810964,504,5406,0.000022,0.022068,,,KAGADI,Kyanaisoke
30.8483666666667,0.978293,503,5407,0.000005,0.011824,,,KAGADI,Kyenzige
31.0400655909372,0.926550665683875,495,5505,0.000063,0.034772,1,1,KIBAALE,Mugarama
30.7676511926942,0.88164592929805,513,5307,0.000014,0.021079,,,KAGADI,Muhorro
30.7836526057336,0.924682845871038,512,5308,0.000021,0.017386,,,KAGADI,Muhorro  Town Council
30.9448079483871,0.902915938640547,493,5507,0.000051,0.029488,1,1,KIBAALE,Nyamarunda
30.9310952303343,0.808605309602632,494,5506,0.000074,0.042565,1,1,KIBAALE,Nyamarunda
30.8198505330376,0.993155957053421,510,5310,0.000082,0.042846,,,KAGADI,Ruteete
30.9848521088295,0.75871514332448,499,5501,0.000090,0.039393,1,1,KIBAALE,Bubango
30.9794435739221,0.456485166546702,686,3604,0.000061,0.037639,2,2,KYEGEGWA,Kakabara
30.9365353405929,0.664697830985962,687,3603,0.000013,0.016772,2,2,KYEGEGWA,Kakabara
30.8644261275921,0.658605250002621,609,4401,0.000007,0.013890,1,1,KYENJOJO,Kanyegaramire
31.2468045022153,0.573611967125254,685,3605,0.000102,0.052036,2,2,KYEGEGWA,Kasule
30.9749179140237,0.653969076081981,689,3601,0.000032,0.025777,2,2,KYEGEGWA,Kigambo
33.0759530890644,0.69013028455175,288,7602,0.000032,0.025895,2,2,KAMULI,Magogo
30.4460871013301,-0.113192847211236,1033,107,0.000014,0.017061,1,1,IBANDA,Bisheshe Division
30.4909380224369,-0.061170220181007,1034,106,0.000014,0.015076,1,1,IBANDA,Bisheshe Division
30.4052705879682,-0.0504900790421,880,1610,0.000028,0.021863,3,1,KITAGWENDA,Buhanda
30.33597532562,-0.110695866832405,877,1703,0.000046,0.027132,3,1,KITAGWENDA,Kicheche
30.4127801386481,-0.122364733727019,878,1702,0.000011,0.013536,3,1,KITAGWENDA,Kicheche
30.5804003037244,-0.113033623665291,945,1005,0.000071,0.038151,1,1,KAZO,Kanoni
30.579390097585,-0.225941967111825,1038,102,0.000053,0.033618,1,1,IBANDA,Keihangara
30.632386840659,-0.164851865091852,932,1108,0.000014,0.020101,1,1,KIRUHURA,Kitura
30.6540418430325,-0.161918781008538,933,1107,0.000032,0.024917,1,1,KIRUHURA,Kitura
30.6774464491701,0.139756941006195,949,1001,0.000074,0.043763,1,1,KAZO,Buremba
30.6211236797555,0.04761510026534,946,1004,0.000081,0.041001,1,1,KAZO,Engari
30.6582371597024,0.002823386513999,947,1003,0.000097,0.039543,1,1,KAZO,Engari
30.569070152156,-0.019931629526057,1039,101,0.000055,0.028888,1,1,IBANDA,Ishongororo
30.5034766575991,0.15618300261759,886,1604,0.000028,0.021307,1,1,KAMWENGE,Kabambiro
30.4439763612925,0.194782529479555,883,1607,0.000024,0.021966,1,1,KAMWENGE,Kamwenge Town Council
30.4195416979461,-0.019724513006595,1037,103,0.000014,0.016758,1,1,IBANDA,Kijongo
30.3371485212336,-0.025977506788659,874,1706,0.000018,0.018694,3,1,KITAGWENDA,Ntara
30.3529251560176,-0.005007409362172,873,1707,0.000044,0.025794,3,1,KITAGWENDA,Ntara Kichwamba Town Council
30.4294921692892,0.083275211587252,870,1710,0.000054,0.031869,3,1,KITAGWENDA,Nyabbani
30.4276210257725,0.150368142187888,871,1709,0.000129,0.044995,3,1,KITAGWENDA,Nyabbani
30.432665060042,0.070409296268304,872,1708,0.000080,0.036541,3,1,KITAGWENDA,Nyabbani
30.55953229203,0.060602669730112,1036,104,0.000014,0.018419,1,1,IBANDA,Nyamarebe
33.4363583483998,0.692560555164066,210,8310,0.000052,0.038830,1,1,IGANGA,Nawanyingi
33.4510090929007,0.681410382491419,211,8309,0.000046,0.027988,1,1,IGANGA,Nawanyingi
30.2598098168085,-0.69155537914797,915,1305,0.000030,0.021581,,,SHEEMA,Bugongi Town Council
30.2404064832638,-0.63689144743444,929,1201,0.000043,0.027193,,,SHEEMA,Bugongi Town Council
30.3449749427296,-0.513346308936827,914,1306,0.000012,0.016054,,,SHEEMA,Kakindo Town Council
30.1660741793118,-0.707029185282675,928,1202,0.000018,0.018457,,,SHEEMA,Kasaana
30.3176022745359,-0.64551786768029,922,1208,0.000036,0.027206,,,SHEEMA,Kashozi Division
30.2198880861697,-0.64488195093971,926,1204,0.000010,0.025603,,,SHEEMA,Kitagata
30.1548864631764,-0.705903007608357,925,1205,0.000025,0.020181,,,SHEEMA,Kitagata Town Council
30.0684385661037,-0.681303407634736,961,809,0.000050,0.028895,3,1,MITOOMA,Mutara
30.3543660547404,-0.589474494720789,920,1210,0.000015,0.016956,,,SHEEMA,Sheema Central Division
30.3173189617984,-0.556745245349202,921,1209,0.000009,0.016976,,,SHEEMA,Sheema Central Division
30.3481970817396,-0.698529413421834,924,1206,0.000022,0.020946,,,SHEEMA,Shuuku Town Council
30.6894653560485,-0.553210180662383,553,4907,0.000004,0.008480,,,MBARARA,Biharwe Division
30.6734740649185,-0.641176383165122,988,602,0.000016,0.018659,2,2,ISINGIRO,Birere
30.6742790381364,-0.69064533750965,989,601,0.000062,0.031577,2,2,ISINGIRO,Birere
30.5049856964465,-0.516862331183581,569,4801,0.000042,0.027811,,,MBARARA,Bubaare
30.4665371888841,-0.803279353755755,548,5002,0.000028,0.035138,,,RWAMPARA,Bugamba
30.4878118022536,-0.719760979019617,549,5001,0.000007,0.012229,,,RWAMPARA,Bugamba
30.6853711417537,-0.704598678403794,985,605,0.000053,0.029342,2,2,ISINGIRO,Kaberebere Town Council
30.6238147416361,-0.899232077273948,979,701,0.000025,0.020963,1,1,ISINGIRO,Kabuyanda
30.6226353104065,-0.930370451559382,978,702,0.000044,0.026597,1,1,ISINGIRO,Kabuyanda Town Council
30.6840344389954,-0.575845402543397,552,4908,0.000020,0.018340,,,MBARARA,Kakiika Division
30.6650728374838,-0.593912652668385,557,4903,0.000002,0.006385,,,MBARARA,Kakoba Division
30.6624837320598,-0.611100898384511,558,4902,0.000001,0.005005,,,MBARARA,Kakoba Division
30.6718995889722,-0.611145093416462,559,4901,0.000004,0.009635,,,MBARARA,Kakoba Division
30.6441468253403,-0.592996718944294,555,4905,0.000036,0.023265,,,MBARARA,Kamukuzi Division
30.6490116770914,-0.611636563969619,556,4904,0.000003,0.007023,,,MBARARA,Kamukuzi Division
30.4546158261061,-0.654514433376811,540,5010,0.000025,0.022291,,,RWAMPARA,Kinoni Town Council
30.4425490269119,-0.99421471803014,848,2002,0.000059,0.034007,2,2,NTUNGAMO,Kitwe Town Council
30.6268030496774,-0.767823349421415,545,5005,0.000028,0.026059,,,RWAMPARA,Mwizi
30.622725021523,-0.864669329116787,546,5004,0.000028,0.024594,,,RWAMPARA,Mwizi
30.5490432087937,-0.782799754661951,547,5003,0.000038,0.028391,,,RWAMPARA,Mwizi
30.5346834814743,-0.653510597792906,550,4910,0.000002,0.006842,,,MBARARA,Nyakayojo Division
30.6446081618117,-0.679101704434611,551,4909,0.000016,0.022160,,,MBARARA,Nyakayojo Division
30.337729072276,-0.833102651428599,845,2005,0.000030,0.027054,2,2,NTUNGAMO,Nyakyera
30.6727428318379,-0.617086709913728,554,4906,0.000009,0.013832,,,MBARARA,Nyamitanga Division
30.6851848256324,-0.789064326210778,980,610,0.000034,0.028884,2,2,ISINGIRO,Nyamuyanja
30.660447483187,-0.786751504207353,981,609,0.000093,0.041107,2,2,ISINGIRO,Nyamuyanja
30.5621139130352,-0.990694441914895,970,710,0.000025,0.028885,1,1,ISINGIRO,Ruborogota
30.5115026295865,-0.681123654491623,541,5009,0.000071,0.043279,,,RWAMPARA,Rugando
30.5101267706425,-0.932024027712776,841,2009,0.000025,0.025140,2,2,NTUNGAMO,Rukoni East
30.4612226673778,-0.927754335669785,840,2010,0.000036,0.024999,2,2,NTUNGAMO,Rukoni West
33.2059005232108,0.437267454109751,318,7302,0.000019,0.017378,1,1,JINJA,Central Division
33.2088726247109,0.425896211904913,319,7301,0.000004,0.017723,1,1,JINJA,Central Division
29.9138228015641,-1.2332649705134,414,6306,0.000043,0.032414,2,2,RUBANDA,Bubaare
29.9643585588858,-1.2152761629836,416,6304,0.000007,0.013688,2,2,RUBANDA,Bubaare
29.9366370809461,-1.24718224174904,417,6303,0.000015,0.020216,2,2,RUBANDA,Bubaare
29.9350587995583,-1.2411197428027,418,6302,0.000009,0.012010,2,2,RUBANDA,Bubaare
30.0021760515326,-1.25577496408162,447,6003,0.000006,0.010577,2,2,KABALE,Central Division
29.9835240760039,-1.24992478996059,448,6002,0.000008,0.010943,2,2,KABALE,Central Division
29.9455609646728,-1.2631515168307,423,6207,0.000010,0.019588,1,1,KABALE,Kitumba
29.9651017259477,-1.2984234692661,424,6206,0.000017,0.017590,1,1,KABALE,Kitumba
30.0049026939193,-1.29384273154334,425,6205,0.000012,0.015665,1,1,KABALE,Kitumba
30.0429149424259,-1.2443516238716,432,6108,0.000005,0.009487,4,2,KABALE,Kyanamira
30.0499140547609,-1.25283373817222,433,6107,0.000017,0.017587,4,2,KABALE,Kyanamira
30.0723947722619,-1.30139735247385,434,6106,0.000009,0.012586,4,2,KABALE,Kyanamira
29.9899701876134,-1.24319286849387,444,6006,0.000002,0.009134,2,2,KABALE,Northern Division
29.9883796439938,-1.24603959422811,445,6005,0.000002,0.005936,2,2,KABALE,Northern Division
29.9745199586294,-1.23615260812313,446,6004,0.000014,0.015050,2,2,KABALE,Northern Division
29.988127400718,-1.24612012633034,449,6001,0.000002,0.004913,2,2,KABALE,Northern Division
30.0005974346338,-1.26497587004217,440,6010,0.000006,0.010102,2,2,KABALE,Southern Division
29.9856974327041,-1.27789966808987,441,6009,0.000014,0.016642,2,2,KABALE,Southern Division
29.9787956360072,-1.25703331259688,442,6008,0.000003,0.007720,2,2,KABALE,Southern Division
29.996145577411,-1.29057549373589,443,6007,0.000008,0.010794,2,2,KABALE,Southern Division
30.2088067168415,-0.801315569782075,865,1805,0.000009,0.013935,1,1,NTUNGAMO,Ihunga
30.190881177385,-0.808549875854465,866,1804,0.000030,0.024945,1,1,NTUNGAMO,Ihunga
30.2910478088488,-0.78366718623341,849,2001,0.000041,0.026378,2,2,NTUNGAMO,Itojo
30.193416061085,-0.838895194604894,860,1810,0.000043,0.027315,1,1,NTUNGAMO,Kagarama Town Council
30.1281295932293,-0.787347286156826,863,1807,0.000028,0.022076,1,1,NTUNGAMO,Kibatsi
30.1585315897003,-0.765692516199644,864,1806,0.000022,0.017928,1,1,NTUNGAMO,Kibatsi
30.3027124102728,-0.854297610638556,846,2004,0.000029,0.021599,2,2,NTUNGAMO,Ntungamo
30.2839375180557,-0.832089066160835,847,2003,0.000061,0.030498,2,2,NTUNGAMO,Ntungamo
30.121108288895,-0.859075260692571,861,1809,0.000023,0.019612,1,1,NTUNGAMO,Nyabihoko
30.1340615263521,-0.884006005615519,862,1808,0.000035,0.027030,1,1,NTUNGAMO,Nyabihoko
30.0901956154709,-0.835838376085542,867,1803,0.000008,0.010714,1,1,NTUNGAMO,Nyamunuka Town Council
29.9553750867739,-0.978157998849988,643,4007,0.000014,0.014629,1,1,RUKUNGIRI,Nyarushanje
30.0224579312647,-0.938104435396347,644,4006,0.000030,0.023780,1,1,RUKUNGIRI,Nyarushanje
30.1855015717507,-0.967311413506958,833,2107,0.000064,0.032439,1,1,NTUNGAMO,Rubaare
30.1392541819393,-0.952932481930803,834,2106,0.000074,0.035489,1,1,NTUNGAMO,Rubaare
30.0785385320041,-1.05773075064133,830,2110,0.000022,0.019065,1,1,NTUNGAMO,Rugarama
30.0872242851744,-0.98405515022262,831,2109,0.000122,0.049336,1,1,NTUNGAMO,Rugarama
30.1337187452455,-0.860708134832852,857,1903,0.000044,0.029910,3,1,NTUNGAMO,Rwashamaire Town Council
30.1257427015699,-0.832682552413969,858,1902,0.000033,0.024718,3,1,NTUNGAMO,Rwashamaire Town Council
30.1336313900549,-0.831490341841894,859,1901,0.000003,0.006722,1,1,NTUNGAMO,Rwashamaire Town Council
30.3138594121379,-1.01820830021646,839,2101,0.000050,0.028505,2,2,NTUNGAMO,Rweikiniro
30.395664953229,-0.598612279869651,910,1310,0.000009,0.015291,,,SHEEMA,Kagango Division
30.4252180751273,-0.637421985109929,911,1309,0.000067,0.042774,,,SHEEMA,Kagango Division
30.3866183459472,-0.623321628541887,912,1308,0.000019,0.017539,,,SHEEMA,Kagango Division
30.4306198433943,-0.58948208863103,913,1307,0.000009,0.013015,,,SHEEMA,Kagango Division
30.6393685069609,-0.33236945027581,565,4805,0.000031,0.024453,,,MBARARA,Kashare
30.7156314781427,-0.208739792846627,938,1102,0.000131,0.055112,1,1,KIRUHURA,Kashongi
30.6920089905767,-0.321451207938048,939,1101,0.000017,0.017378,1,1,KIRUHURA,Kashongi
30.945726634101,-0.210161421723016,936,1104,0.000003,0.009242,1,1,KIRUHURA,Kenshunga
30.785953215837,-0.19496954846948,937,1103,0.000123,0.057251,1,1,KIRUHURA,Kenshunga
30.380120508559,-0.490582333132955,927,1203,0.000018,0.021416,,,SHEEMA,Kigarama
30.7688281524832,-0.320445930895166,935,1105,0.000277,0.070623,1,1,KIRUHURA,Kikaatsi
30.4155875801407,-0.713950035732849,542,5008,0.000021,0.026757,,,RWAMPARA,Ndeija
30.3632245165347,-0.716896352700325,543,5007,0.000029,0.021387,,,RWAMPARA,Ndeija
30.4088219482173,-0.686302675844577,544,5006,0.000013,0.016183,,,RWAMPARA,Ndeija
30.6798103570206,-0.438118807974507,564,4806,0.000121,0.048286,,,MBARARA,Rubaya
31.0283125677041,0.097685343226314,948,1002,0.000435,0.081588,1,1,KAZO,Burunga
30.7023497638465,-0.092378708675557,944,1006,0.000036,0.025075,1,1,KAZO,Kazo
30.7560098706671,-0.051722906180503,943,1007,0.000004,0.008026,1,1,KAZO,Kazo Town Council
31.0626608018305,-0.130577725904534,934,1106,0.000471,0.095301,1,1,KIRUHURA,Kinoni
30.7809607222945,0.181275505880616,942,1008,0.000169,0.054173,1,1,KAZO,Nkungu
30.9341855925543,0.284666785779658,682,3608,0.000146,0.053397,2,2,KYEGEGWA,Ruyonza
30.8620853181318,0.057967773967335,940,1010,0.000041,0.048504,1,1,KAZO,Rwemikoma
30.809078127725,0.01584642141504,941,1009,0.000273,0.070271,1,1,KAZO,Rwemikoma
30.8782577201903,0.311771054078538,680,3610,0.000001,0.008970,2,2,KYEGEGWA,Rwentuha
30.9126573807193,0.403020565265366,681,3609,0.000101,0.048802,2,2,KYEGEGWA,Rwentuha
30.7414136332228,0.302302667655576,889,1601,0.000131,0.046357,1,1,KAMWENGE,Biguli
30.8493483148883,0.520550743223763,598,4502,0.000028,0.025339,2,2,KYENJOJO,Butunduzi Town Council
30.7501933021053,0.364087471574757,887,1603,0.000088,0.039507,1,1,KAMWENGE,Bwizi
30.7758871409895,0.556277249551517,595,4505,0.000009,0.024776,2,2,KYENJOJO,Kihuura
30.7799044695622,0.477492200842869,596,4504,0.000011,0.026686,2,2,KYENJOJO,Kihuura
30.657902870684,0.418607856225672,594,4506,0.000020,0.026254,2,2,KYENJOJO,Kisojo
32.1312066475887,1.94806560318321,959,901,0.000031,0.021394,2,2,KIRYANDONGO,Bweyale Town Council
32.0183498970737,1.80166708364321,956,904,0.000046,0.031547,2,2,KIRYANDONGO,Kigumba Town Council
32.2453623151589,2.11851338569114,950,910,0.000052,0.032358,2,2,KIRYANDONGO,Mutunda
32.2263380401978,1.97983996472154,951,909,0.000069,0.031282,2,2,KIRYANDONGO,Mutunda
32.2409642555541,2.21342671173567,952,908,0.000043,0.028987,2,2,KIRYANDONGO,Mutunda
29.9402564967903,-1.11264506572469,413,6307,0.000015,0.016848,2,2,RUBANDA,Hamurwa
29.9388461318783,-1.16287585066308,415,6305,0.000061,0.031390,2,2,RUBANDA,Hamurwa
29.9060112003495,-1.05584076025761,419,6301,0.000012,0.013377,2,2,RUBANDA,Hamurwa
29.9552311483278,-0.929249439866436,645,4005,0.000021,0.017845,1,1,RUKUNGIRI,Nyakishenyi
29.9329950348756,-0.96511630738711,646,4004,0.000028,0.020541,1,1,RUKUNGIRI,Nyakishenyi
29.6408840913949,-0.76384325921105,570,4710,0.000053,0.031568,1,1,KANUNGU,Nyanga
29.8090879803906,-0.942579947532583,580,4610,0.000024,0.020790,1,1,KANUNGU,Rutenga
34.7343118445029,1.2805726173685,89,9601,0.000010,0.013161,2,2,BUKWO,Bukwo
34.6846667231834,1.27677000308284,88,9602,0.000003,0.008928,2,2,BUKWO,Chepkwasta
34.6622664900384,1.34752613258815,87,9603,0.000009,0.012740,2,2,BUKWO,Chesower
34.7153573213534,1.3104388290374,86,9604,0.000004,0.010140,2,2,BUKWO,Kabei
34.7864305292556,1.24945936228627,85,9605,0.000031,0.026043,2,2,BUKWO,Kaptererwo
34.7146835523893,1.45199025800649,145,9005,0.000005,0.011041,3,1,KWEEN,Kiriki
34.6873146274267,1.28628768312534,84,9606,0.000012,0.015322,2,2,BUKWO,Kortek
34.6482517902064,1.36528337225748,143,9007,0.000003,0.006471,3,1,KWEEN,Kwanyiy
34.5843923755866,1.35063328787094,142,9008,0.000016,0.018510,3,1,KWEEN,Kwosir
34.7611032722308,1.31949124666759,83,9607,0.000013,0.022460,2,2,BUKWO,Riwo
34.7547742098714,1.26500851869515,82,9608,0.000016,0.016913,2,2,BUKWO,Senendet
34.7332261373867,1.22205001901682,81,9609,0.000002,0.005836,2,2,BUKWO,Suam
34.6750698758992,1.34423991338877,80,9610,0.000019,0.019052,2,2,BUKWO,Tulel
33.7779012642444,1.55885763204916,188,8602,0.000146,0.048791,1,1,NGORA,Kapir
33.7698665540964,1.62518735413209,189,8601,0.000083,0.046128,1,1,NGORA,Kapir
33.764049692397,1.38609646203216,186,8604,0.000021,0.019847,1,1,NGORA,Kobwin
33.7831310176995,1.42945135197864,187,8603,0.000082,0.049849,1,1,NGORA,Kobwin
33.849733157072,1.59601418077664,183,8607,0.000130,0.052920,1,1,NGORA,Mukura
33.8709829742662,1.61262626078307,184,8606,0.000071,0.036294,1,1,NGORA,Mukura
33.8284316551344,1.554975564199,185,8605,0.000053,0.037062,1,1,NGORA,Mukura
33.8139436299076,1.47573417318959,181,8609,0.000071,0.035814,1,1,NGORA,Ngora
33.7324358585854,1.49697143236507,182,8608,0.000118,0.051679,1,1,NGORA,Ngora
33.774940390453,1.45466930747433,180,8610,0.000011,0.014476,1,1,NGORA,Ngora Town Council
33.8426996387366,1.41435872831781,194,8506,0.000081,0.034157,2,2,KUMI,Nyero
31.0453022997004,0.454415268294646,688,3602,0.000027,0.023697,2,2,KYEGEGWA,Kabweza Kyegegwa
30.7080762067923,0.752106819254408,604,4406,0.000060,0.031951,1,1,KYENJOJO,Katooke Town Council
31.0387487008373,0.464722988303209,684,3606,0.000009,0.016656,2,2,KYEGEGWA,Kyegegwa Town Council
31.0232759195078,0.360128987239143,683,3607,0.000007,0.013820,2,2,KYEGEGWA,Mpara
34.3569672695366,1.03132051873081,11,10309,0.000002,0.005949,2,2,BUDUDA,Nabweya
30.6774338263868,0.615658880726304,593,4507,0.000058,0.031540,2,2,KYENJOJO,Kyenjojo Town Council
30.0265388345676,-1.34131833374251,438,6102,0.000006,0.011722,4,2,KABALE,Buhara
30.067265538225,-1.34287754240748,439,6101,0.000007,0.013312,4,2,KABALE,Buhara
30.1500472449037,-1.20989861935594,398,6502,0.000014,0.015289,2,2,RUKIGA,Bukinda
30.1375765844392,-1.23737304604871,399,6501,0.000027,0.027389,2,2,RUKIGA,Bukinda
29.884085857405,-1.37006157534185,428,6202,0.000012,0.015517,1,1,KABALE,Butanda
29.8971044701954,-1.41316998226614,429,6201,0.000032,0.024285,1,1,KABALE,Butanda
30.1300551545568,-1.26738367775449,436,6104,0.000013,0.018242,4,2,KABALE,Kaharo
30.0800762704494,-1.25756340340298,437,6103,0.000007,0.012651,4,2,KABALE,Kaharo
29.9968213276491,-1.34084826366795,426,6204,0.000018,0.017475,1,1,KABALE,Kamuganguzi
30.0149650129595,-1.34302896065098,427,6203,0.000012,0.013838,1,1,KABALE,Kamuganguzi
30.1578688835834,-1.18511611567698,393,6507,0.000023,0.019769,2,2,RUKIGA,Kamwezi
30.2201756950897,-1.22377197215071,394,6506,0.000045,0.026718,2,2,RUKIGA,Kamwezi
30.1927355199866,-1.19897129830819,395,6505,0.000006,0.012623,2,2,RUKIGA,Kamwezi
30.250495483449,-1.21781304163291,396,6504,0.000087,0.041609,2,2,RUKIGA,Kamwezi
30.2225443966958,-1.23758874781381,397,6503,0.000015,0.018112,2,2,RUKIGA,Kamwezi
30.003574996743,-1.40152728619915,435,6105,0.000010,0.018257,4,2,KABALE,Katuna Town Council
30.150887854945,-1.29375567671808,430,6110,0.000019,0.020248,4,2,KABALE,Maziba
30.1184742074313,-1.37645650116265,431,6109,0.000036,0.024428,4,2,KABALE,Maziba
30.0492336635966,-1.18422286930615,382,6608,0.000052,0.031288,3,1,RUKIGA,Mparo Twon Council
30.1174861450832,-1.1889054567617,390,6510,0.000020,0.019770,2,2,RUKIGA,Muhanga Town Council
30.1245205957501,-1.17369203678403,392,6508,0.000010,0.013516,2,2,RUKIGA,Muhanga Town Council
29.9728365754183,-1.15980128045892,410,6310,0.000002,0.006555,2,2,RUBANDA,Nyamweru
29.9992695446069,-1.1829899133301,411,6309,0.000010,0.015710,2,2,RUBANDA,Nyamweru
29.9325463613543,-1.38191386320842,421,6209,0.000024,0.026233,1,1,KABALE,Rubaya
29.9875457601587,-1.42327994559936,422,6208,0.000014,0.014742,1,1,KABALE,Rubaya
30.044337388391,-1.19758573519256,380,6610,0.000005,0.008810,3,1,RUKIGA,Rwamucucu
29.9955552203542,-1.1305711723319,381,6609,0.000004,0.008348,3,1,RUKIGA,Rwamucucu
30.0452259779262,-1.13295397465584,383,6607,0.000021,0.020574,3,1,RUKIGA,Rwamucucu
30.0928087411147,-1.20034653000396,384,6606,0.000009,0.012094,3,1,RUKIGA,Rwamucucu
29.9455600357862,-1.38604084483523,420,6210,0.000047,0.033495,1,1,KABALE,Ryakirimira Town Council
33.5804200492853,1.63287630474022,346,7004,0.000037,0.025701,2,2,SOROTI,Asuret
33.6499245474859,1.65234043664799,347,7003,0.000093,0.042583,2,2,SOROTI,Asuret
30.2725754950314,1.04410041275115,610,4310,0.000002,0.005681,2,2,NTOROKO,Rwebisengo Town Council
30.2537863710738,-0.883466548997966,853,1907,0.000042,0.029901,3,1,NTUNGAMO,Central Division
30.256188634127,-0.866772664052058,854,1906,0.000020,0.019748,3,1,NTUNGAMO,Central Division
30.2660642063231,-0.875693177301519,856,1904,0.000001,0.004484,3,1,NTUNGAMO,Central Division
30.2692854698567,-0.865303566708232,850,1910,0.000020,0.021545,3,1,NTUNGAMO,Eastern Division
30.2850323730704,-0.87221082581137,851,1909,0.000154,0.056455,3,1,NTUNGAMO,Eastern Division
30.2724503082829,-0.908636275855922,852,1908,0.000044,0.029822,3,1,NTUNGAMO,Eastern Division
30.2615233813357,-0.872023396396703,855,1905,0.000011,0.019065,3,1,NTUNGAMO,Western Division
30.9078609366776,-0.497604477022541,930,1110,0.000001,0.003633,1,1,KIRUHURA,Sanga Town Council
29.9597354875639,-1.05429834138664,385,6605,0.000021,0.019798,3,1,RUKIGA,Kashambya
30.0035298566505,-1.05391519754256,386,6604,0.000028,0.026408,3,1,RUKIGA,Kashambya
30.0170318999818,-1.05142278407709,387,6603,0.000002,0.005769,3,1,RUKIGA,Kashambya
30.0323187506759,-1.12123515329865,388,6602,0.000024,0.019090,3,1,RUKIGA,Kashambya
29.9765673185116,-1.11390739760982,389,6601,0.000070,0.040041,3,1,RUKIGA,Kashambya
29.9158930499149,-1.14570642566287,412,6308,0.000006,0.015676,2,2,RUBANDA,Hamurwa Town Council
30.3770959179912,-1.03659820734031,838,2102,0.000045,0.039054,2,2,NTUNGAMO,Kafunjo-Mirama Town Council
30.4056552072649,-1.02082248431946,844,2006,0.000036,0.025129,2,2,NTUNGAMO,Kafunjo-Mirama Town Council
30.2989213211329,-1.13999095342337,835,2105,0.000012,0.015757,1,1,NTUNGAMO,Ngoma
30.1864034664318,-1.01805485025109,832,2108,0.000002,0.006346,1,1,NTUNGAMO,Rubaare Town Council
30.2781140841038,-0.701269137173229,916,1304,0.000030,0.022271,,,SHEEMA,Rugarama
30.3988498178217,-1.0143289617659,842,2008,0.000018,0.017261,2,2,NTUNGAMO,Ruhaama
30.3891299013488,-0.962291991567596,843,2007,0.000053,0.032745,2,2,NTUNGAMO,Ruhaama
30.1548768609734,-1.15893418814638,391,6509,0.000074,0.043538,2,2,NTUNGAMO,Kayonza
30.1787669038079,-1.11991706537716,836,2104,0.000009,0.017711,1,1,NTUNGAMO,Kayonza
30.1426819064226,-1.06195212068025,837,2103,0.000078,0.036224,1,1,NTUNGAMO,Kayonza
34.038442972832,0.324497528887649,269,7801,0.000042,0.027285,1,1,BUSIA,Buhehe
33.9823833185557,0.560886391265855,266,7804,0.000072,0.035918,4,2,BUSIA,Busitema
34.1237410056339,0.554855984537916,265,7805,0.000021,0.023173,4,2,BUSIA,Buteba
34.0537600507587,0.428920689885382,262,7808,0.000028,0.023740,4,2,BUSIA,Dabani
34.0631635802899,0.466005736772937,263,7807,0.000027,0.020913,4,2,BUSIA,Dabani
34.0826113634477,0.39661454075134,252,7908,0.000030,0.021157,1,1,BUSIA,Masinya
34.0525179106067,0.384857727082737,253,7907,0.000083,0.043515,1,1,BUSIA,Masinya
34.0634223820894,0.513437280197077,250,7910,0.000053,0.028641,4,2,BUSIA,Sikuda
34.0766584930877,0.494980390594778,251,7909,0.000018,0.020578,4,2,BUSIA,Sikuda
30.3394892440655,-0.55071342105922,923,1207,0.000014,0.019442,,,SHEEMA,Kabwohe Division
34.0845470484298,0.467693941755408,270,7710,0.000001,0.008971,2,2,BUSIA,Busia Municipality
34.0886530944489,0.475517931612428,271,7709,0.000001,0.003783,2,2,BUSIA,Busia Municipality
34.0881896798968,0.473852291947982,272,7708,0.000001,0.003856,2,2,BUSIA,Busia Municipality
34.087057690789,0.472841306454386,273,7707,0.000002,0.006815,2,2,BUSIA,Busia Municipality
34.0964524378097,0.464372903585841,274,7706,0.000000,0.002731,2,2,BUSIA,Busia Municipality
34.1039942195784,0.471293392750715,275,7705,0.000015,0.016385,2,2,BUSIA,Busia Municipality
34.0935236326362,0.46669169556962,276,7704,0.000000,0.002492,2,2,BUSIA,Busia Municipality
34.0934438375279,0.470026589452577,277,7703,0.000002,0.006624,2,2,BUSIA,Busia Municipality
34.0858718702619,0.461648166198539,278,7702,0.000000,0.002200,2,2,BUSIA,Busia Municipality
34.0916123338944,0.461100133394089,279,7701,0.000001,0.005228,2,2,BUSIA,Busia Municipality
